sdss_id,gaia_dr3_source_id,fieldid,mjd,catalogid21,catalogid25,catalogid31,ra,dec,l,b,r_med_geo,r_lo_geo,r_hi_geo,bailer_jones_flags,n_exp,exptime,snr,classification,p_da,teff_snowwhite,e_teff_snowwhite,logg_snowwhite,e_logg_snowwhite,catalogid,spec_file,pmra,pmra_error,pmdec,pmdec_error,phot_g_mean_flux,phot_g_mean_flux_error,phot_g_mean_mag,phot_bp_mean_flux,phot_bp_mean_flux_error,phot_bp_mean_mag,phot_rp_mean_flux,phot_rp_mean_flux_error,phot_rp_mean_mag,phot_bp_rp_excess_factor,no_distance,no_gaia_phot,clean,prob_psf,psf_mag_u,psf_mag_g,psf_mag_r,psf_mag_i,psf_mag_z,psf_magerr_u,psf_magerr_g,psf_magerr_r,psf_magerr_i,psf_magerr_z,psf_flux_u,psf_flux_g,psf_flux_r,psf_flux_i,psf_flux_z,psf_fluxivar_u,psf_fluxivar_g,psf_fluxivar_r,psf_fluxivar_i,psf_fluxivar_z,mag_ab_u,magerr_ab_u,mag_ab_g,magerr_ab_g,mag_ab_r,magerr_ab_r,mag_ab_i,magerr_ab_i,mag_ab_z,magerr_ab_z,no_sdss_phot,rv_falcon,e_rv_falcon,falcon_flag,logg_raddi,e_logg_raddi,mass_raddi,e_mass_raddi,radius_raddi,rv_raddi,e_rv_raddi,teff_raddi,e_teff_raddi,e_radius_raddi,raddi_flag,teff_anguiano,e_teff_anguiano,mass_anguiano,e_mass_anguiano,logg_anguiano,e_logg_anguiano,snr_anguiano,rv_anguiano,e_rv_anguiano,radius_anguiano,e_radius_anguiano,anguiano_flag,teff_gentile,e_teff_gentile,logg_gentile,e_logg_gentile,mass_gentile,e_mass_gentile,radius_gentile,e_radius_gentile,gentile_flag,teff_koester,e_teff_koester,logg_koester,e_logg_koester,koester_flag,teff_kepler,e_teff_kepler,logg_kepler,e_logg_kepler,rv_kepler,e_rv_kepler,snr_kepler,mass_kepler,e_mass_kepler,radius_kepler,e_radius_kepler,kepler_flag,snowwhite_flag,rv_corv_ind,e_rv_corv_ind,teff_corv_ind,logg_corv_ind,rv_corv_coadd,e_rv_corv_coadd,teff_corv_coadd,logg_corv_coadd,snr_coadd,nspec_coadd,e_rv_corv_ind_full,e_rv_corv_coadd_full,rv_corv_mean,e_rv_corv_mean,nspec_mean_rv_corv,teff_prf_ind,e_teff_prf_ind,logg_prf_ind,e_logg_prf_ind,teff_prf_coadd,e_teff_prf_coadd,logg_prf_coadd,e_logg_prf_coadd,e_teff_prf_ind_full,e_logg_prf_ind_full,e_teff_prf_coadd_full,e_logg_prf_coadd_full,teff_prf_mean,e_teff_prf_mean,logg_prf_mean,e_logg_prf_mean,nspec_mean_teff,nspec_mean_logg,sdssid,av_lo,u_ext_lo,g_ext_lo,r_ext_lo,i_ext_lo,z_ext_lo,gaia_g_ext_lo,gaia_bp_ext_lo,gaia_rp_ext_lo,u_dered_lo,g_dered_lo,r_dered_lo,i_dered_lo,z_dered_lo,gaia_g_dered_lo,gaia_bp_dered_lo,gaia_rp_dered_lo,av_med,u_ext_med,g_ext_med,r_ext_med,i_ext_med,z_ext_med,gaia_g_ext_med,gaia_bp_ext_med,gaia_rp_ext_med,u_dered_med,g_dered_med,r_dered_med,i_dered_med,z_dered_med,gaia_g_dered_med,gaia_bp_dered_med,gaia_rp_dered_med,av_hi,u_ext_hi,g_ext_hi,r_ext_hi,i_ext_hi,z_ext_hi,gaia_g_ext_hi,gaia_bp_ext_hi,gaia_rp_ext_hi,u_dered_hi,g_dered_hi,r_dered_hi,i_dered_hi,z_dered_hi,gaia_g_dered_hi,gaia_bp_dered_hi,gaia_rp_dered_hi,phot_used,phot_radius_sdss_lo,e_phot_radius_sdss_lo,phot_teff_sdss_lo,e_phot_teff_sdss_lo,phot_redchi_sdss_lo,phot_radius_gaia_lo,e_phot_radius_gaia_lo,phot_teff_gaia_lo,e_phot_teff_gaia_lo,phot_redchi_gaia_lo,phot_radius_sdss_med,e_phot_radius_sdss_med,phot_teff_sdss_med,e_phot_teff_sdss_med,phot_redchi_sdss_med,phot_radius_gaia_med,e_phot_radius_gaia_med,phot_teff_gaia_med,e_phot_teff_gaia_med,phot_redchi_gaia_med,phot_radius_sdss_hi,e_phot_radius_sdss_hi,phot_teff_sdss_hi,e_phot_teff_sdss_hi,phot_redchi_sdss_hi,phot_radius_gaia_hi,e_phot_radius_gaia_hi,phot_teff_gaia_hi,e_phot_teff_gaia_hi,phot_redchi_gaia_hi,radius_phot,e_radius_phot,teff_phot,e_teff_phot,phot_logg_sdss_lo,e_phot_logg_sdss_lo,sdss_logg_flag_lo,gaia_logg_flag_lo,phot_logg_sdss_med,e_phot_logg_sdss_med,sdss_logg_flag_med,gaia_logg_flag_med,phot_logg_sdss_hi,e_phot_logg_sdss_hi,sdss_logg_flag_hi,gaia_logg_flag_hi,phot_err_sdss,phot_err_gaia,radius_phot_sdss,e_radius_phot_sdss,radius_phot_gaia,e_radius_phot_gaia,teff_phot_sdss,e_teff_phot_sdss,teff_phot_gaia,e_teff_phot_gaia,e_radius_phot_full,e_teff_phot_full,mass_rad_logg,e_mass_rad_logg,mass_logg_theory,e_mass_logg_theory,mass_rad_theory,e_mass_rad_theory,rv_corv_lsr,rv_corv_asym_corr,asym_corr,tempdep_catalog_flag,Name_1,GaiaDR2,Teff,n_Teff,logg,n_logg,Mass,Rem,SimbadName,Name_2,HJD,HRV,e_HRV,b_lambda_2,B_lambda_2a,<RV>,e_<RV>,l_chi2,chi2,l_logp,logp,n_logp,Com
6.2913193E7,1731395432637342336,101061,59866,5318434683,27021598874774207,63050394855682427,314.6946716308594,3.5306975841522217,52.10682678222656,-26.13430976867676,251.62106323242188,247.9520874023437,254.65907287597656,10020.0,2.0,1800.0,33.70977783203125,DA,0.7394116520881653,44446.72265625,2214.283935546875,8.668781280517578,0.1309822797775268,27021598874774207,spec-101061-59866-27021598874774207.fits,-14.186135221839308,0.054446205,-14.660083888355532,0.037953626,6798.814016825642,4.6029315,16.106283,5642.354144447081,14.369724,15.959891,2221.03477061832,11.80858,16.381508,1.1565825,false,false,,,,,,,,,,,,,,,,,,,,,,,,,,,,,,,,,true,,,false,7.49,0.05,0.46,0.01,0.02,6.023689293466601,23.62,31117.1633710602,1.030386120441616,0.0,true,,,,,,,,,,,,false,38737.95,3749.09,7.713663,0.093858,0.537481,0.038084,0.016887803899496,0.0019204406513641,true,51835.0,252.0,7.696,0.016,true,,,,,,,,,,,,false,true,42.3527953949092,25.46152490185943,50786.369541870605,7.865627342777053,42.3527953949092,25.46152490185943,50786.369541870605,7.865627342777053,33.70977783203125,1.0,26.55951295630471,26.55951295630471,42.3527953949092,26.55951295630471,1.0,51038.64,843.9345654751397,7.673720000000002,0.0457859407890716,51038.64,843.9345654751397,7.673720000000002,0.0457859407890716,1446.2249940875238,0.0849612284395933,1446.2249940875238,0.0849612284395933,51038.64,1446.2249940875238,7.673720000000002,0.0849612284395933,1.0,1.0,101061,0.1697079376122389,0.2646481125703467,0.2065804972193583,0.1412186741462583,0.1047463401754461,0.0776002638175596,0.1385870781986479,0.1832581242337414,0.0972168451862635,,,,,,15.967695921801353,15.77663287576626,16.284291154813737,0.1721188897884718,0.2684078303060915,0.2095152786229029,0.1432248942120256,0.1062344168108209,0.0787026903013147,0.1405559125530211,0.1858615768456235,0.0985979542125476,,,,,,15.96572708744698,15.774029423154378,16.282910045787453,0.1739164631076903,0.2712110249758951,0.2117034119259007,0.1447207047462432,0.1073439066145058,0.07952464457031,0.1420238488067015,0.1878026758848758,0.0996276904143081,,,,,,15.9642591511933,15.772088324115124,16.28188030958569,2,,,,,,0.0105601478765204,0.0049112888667504,111818.6743087945,125802.61366345883,292.76138818137684,,,,,,0.0134929436251969,2.903640403398E-4,64459.032768364494,768.9553357851714,8.47584978569532E-6,,,,,,0.0132631307570806,2.732700767025E-4,69280.25780721182,446.1728180443248,0.0516756797979724,0.0134929436251969,0.0027185341139158,64459.032768364494,42545.366031690864,,,0,2,,,0,2,,,0,2,,13.089152,,,0.0134929436251969,0.0027185341139158,,,64459.032768364494,42545.366031690864,0.0027683596272551,42589.167217385446,0.31295880410120824,0.1422678154141175,0.5541899683603765,0.060617544540655044,0.7264989987718727,0.27224324762917573,53.95162171488317,58.46567865823567,4.514056943352502,true,WD2056+033,1731395432637342336,51835,,7.7,,0.565,,WD2056+033,WD2056+033,52142.5492,-5.0,14.5,-40.0,40.0,-9.1,10.7,,0.1,,-0.13,,
6.2972916E7,1738521539295354240,101055,59882,4377135438,27021597935679678,63050394856507784,320.6452941894531,5.710596561431885,57.92354965209961,-29.81674575805664,205.1153259277344,202.56369018554688,207.4544372558593,10012.0,3.0,2700.0,30.80672645568848,DA,0.9847890734672546,34746.21875,100.17522430419922,8.854061126708984,0.1095349267125129,27021597935679678,spec-101055-59882-27021597935679678.fits,-13.233860164401072,0.057622295,-94.516406605152,0.061301664,6504.199510645732,4.8590584,16.154383,5226.215616280652,12.880124,16.043074,2248.5175203861804,10.671374,16.368155,1.1492164,false,false,1.0,1.0,15.71515,15.96187,16.36111,16.66171,16.9482,0.01790763,0.01618523,0.01455422,0.01190033,0.02261274,517.533,412.3356,285.4676,216.4297,166.2312,0.01372449,0.02646727,0.06828989,0.1777034,0.08342244,15.675154881532835,0.0205105634300206,15.961872919265645,0.0190252902777566,16.36110794043418,0.0176585763811355,16.67670785635986,0.0155440616992116,16.978218649993572,0.0247252100154397,false,,,false,7.36,0.03,0.41,0.01,0.022,10.20543994134646,16.66,22542.39212152428,1.02093948370768,0.0,true,36572.0,67.0,0.552,0.011,7.75,0.027,89.08,11.03,5.68,0.0164131771876649,5.357708570376E-4,true,24370.22,769.69,7.46389,0.047751,0.422938,0.011945,0.0199717661704129,0.0011335990743103,true,35559.0,79.0,7.681,0.011,true,36312.0,109.0,7.73,0.015,1.0,6.0,69.0,0.539,0.005,0.0165965378856613,2.967695077549E-4,true,true,14.575594544328183,14.505059967437996,35876.88655190533,7.844588820419632,14.575594544328183,14.505059967437996,35876.88655190533,7.844588820419632,30.80672645568848,1.0,16.392000785938187,16.392000785938187,14.575594544328183,16.392000785938187,1.0,35568.28,451.142169950588,7.716759999999999,0.0559461425827871,35568.28,451.142169950588,7.716759999999999,0.0559461425827871,935.2951344763288,0.0934477387208248,935.2951344763288,0.0934477387208248,35568.28,935.295134476329,7.716759999999998,0.0934477387208248,1.0,1.0,101055,0.1768526275644066,0.2757897759323858,0.2152775188411125,0.147163968493872,0.1091561523192234,0.0808672284214763,0.1444215825773915,0.1909732759071861,0.1013096662219582,15.399365105600449,15.746595400424532,16.21394397194031,16.56755170404064,16.897351421572097,16.00996141742261,15.852100724092814,16.266845333778043,0.1771944372231281,0.2763228051018619,0.215693593718025,0.1474483977756969,0.1093671224794377,0.0810235235250841,0.144700711547838,0.1913423770687676,0.1015054711863143,15.398832076430974,15.74617932554762,16.213659542658483,16.567340733880425,16.89719512646849,16.00968228845216,15.851731622931233,16.266649528813687,0.1775545802562424,0.2768844239354301,0.216131985274116,0.1477480827660102,0.1095894082793194,0.0811882017055802,0.1449948119381623,0.1917312754175011,0.1017117783867187,15.398270457597404,15.745740933991527,16.21335985766817,16.567118448080542,16.897030448287992,16.009388188061838,15.8513427245825,16.266443221613283,1,0.0164852334587959,3.923383392618E-4,30955.527827442696,1208.538206130792,0.3496517447373787,0.0167156551341116,0.0010390447692199,30032.571994106595,1569.603688506554,3.070862970391061E-18,0.0167285655725337,4.148261376761E-4,30890.49529037487,1218.123266411135,0.3526457592088995,0.0169186426575366,0.0010460117173093,30050.61977395901,1560.3412626945026,3.3290748134522595E-14,0.0169334046378108,3.999317444851E-4,30868.05853377116,1188.3816264883749,0.3568521650779321,0.0171036721924576,0.0010914540065279,30069.427046244164,1622.3524427725545,2.4618688610890804E-13,0.0167285655725337,6.106866055505E-4,30890.49529037487,1221.2596650620746,8.0,,2,2,8.0,,2,2,8.0,,2,2,0.0209647832755319,11.775749,0.0167285655725337,6.106866055505E-4,0.0169186426575366,0.0011156602306777,30890.49529037487,1221.2596650620746,30050.61977395901,1560.7764577078733,7.533501244251E-4,1454.5869228122551,0.5311671006561763,0.12390077490769343,0.5309608947670702,0.06286401775248318,0.5193703527860403,0.03997017059065666,25.083495619330325,28.23970042661183,3.156204807281505,true,WD2120+054,1738521539295354240,35559,,7.68,,0.521,,WD2120+054,WD2120+054,52539.5538,-8.2,7.7,-30.0,30.0,-4.9,5.5,,0.21,,-0.19,,
7.010537E7,2497895053130247040,104585,59886,4376222429,27021597934772763,63050395066088599,43.38506317138672,-0.5625399947166443,175.83853149414062,-50.45077133178711,46.970890045166016,46.801753997802734,47.11270523071289,10002.0,2.0,1800.0,28.548757553100582,DA,0.992759644985199,8167.7333984375,138.4178924560547,7.80342435836792,0.1496935337781906,27021597934772763,spec-104585-59886-27021597934772763.fits,93.1755070004574,0.06250942,-25.69838686256275,0.050599035,5634.115235834544,4.627877,16.310303,3632.77088797064,22.815363,16.437946,2960.9628372545976,21.802341,16.069313,1.1703229,false,false,0.0,1.0,16.93472,16.438,16.36118,16.41248,16.52947,0.6667571,0.04919857,0.04176265,0.06601285,0.0412466,168.3107,265.9505,285.4486,272.2747,244.4608,9.360273E-5,0.006885602,0.008294996,0.003649021,0.01159412,16.894720684462655,0.6668320856110704,16.437997972119202,0.0502045743936237,16.36118020668936,0.0429432059239002,16.42748177950785,0.0667659820950946,16.559476928350588,0.0424415128330741,false,45.823,1.601,true,,,,,,,,,,,false,,,,,,,,,,,,false,7994.45,141.94,7.994658,0.048399,0.591491,0.028669,0.0128194144811851,7.789508350323E-4,true,7948.0,13.0,7.793,0.019,true,,,,,,,,,,,,false,true,45.72194372685451,5.453648406153906,8043.260569965361,7.941703940710242,45.72194372685451,5.453648406153906,8043.260569965361,7.941703940710242,28.548757553100582,1.0,9.458680298360674,9.458680298360674,45.72194372685451,9.458680298360674,1.0,8044.96,37.84584431223653,7.88452,0.0683938138533227,8044.96,37.84584431223653,7.88452,0.0683938138533227,189.453512489266,0.1036705600953487,189.453512489266,0.1036705600953487,8044.96,189.453512489266,7.88452,0.1036705600953487,1.0,1.0,104585,0.0,0.0,0.0,0.0,0.0,0.0,0.0,0.0,0.0,16.894720684462655,16.437997972119202,16.36118020668936,16.42748177950785,16.559476928350588,16.310303,16.437946,16.069313,0.0,0.0,0.0,0.0,0.0,0.0,0.0,0.0,0.0,16.894720684462655,16.437997972119202,16.36118020668936,16.42748177950785,16.559476928350588,16.310303,16.437946,16.069313,0.0,0.0,0.0,0.0,0.0,0.0,0.0,0.0,0.0,16.894720684462655,16.437997972119202,16.36118020668936,16.42748177950785,16.559476928350588,16.310303,16.437946,16.069313,2,,,,,,0.0122081722118148,1.524883023375E-4,8128.473832600359,48.61290125613183,4.968098593161875E-12,,,,,,0.0122522911155221,1.521213052881E-4,8128.473858125886,48.24027517003472,4.993916003745935E-12,,,,,,0.0122892834103338,1.527102189968E-4,8128.473879283305,48.28211557145097,5.015420449921693E-12,0.0122522911155221,1.723946578283E-4,8128.473858125886,48.24027517005731,,,0,2,,,0,2,,,0,2,0.2507389347893482,22.308852,,,0.0122522911155221,1.723946578283E-4,,,8128.473858125886,48.24027517005731,5.351290853482E-4,289.52867574217294,0.4192840832433765,0.10657811808031292,0.5327700073084394,0.09635101867709656,0.6239535885481794,0.0787412818869222,33.64801019245962,21.112008837542472,-12.53600135491715,true,WD0250-007,2497895053130247040,7968,,7.63,,0.43,,WD0250-007,WD0250-007,52674.5447,57.0,1.5,,,55.8,1.3,,0.94,,-0.48,,"polyn., G&L"
7.0172578E7,2510891108771852416,104643,59872,4401496366,27021597959822155,63050395066323209,28.24643516540528,1.0043118000030518,153.16763305664062,-58.20764923095703,86.43449401855469,85.9312744140625,86.90704345703125,10022.0,2.0,1800.0,30.7795467376709,DA,1.0,13000.0,577.3280029296875,7.750011920928955,0.0874844193458557,27021597959822155,spec-104643-59872-27021597959822155.fits,-49.014634902229176,0.08821849,-166.0196293204754,0.049334753,4830.945556382238,5.8057017,16.477287,3396.618703712761,16.96337,16.510925,2024.816417669519,19.124811,16.481932,1.1222306,false,false,1.0,1.0,16.91626,16.41174,16.5777,16.75269,16.98859,0.00920057,0.0135999,0.01324288,0.01315353,0.01960846,171.1962,272.4609,233.8404,199.0322,160.1602,0.4751487,0.0858556,0.1229262,0.1719949,0.119513,16.876264698699543,0.0135886161298676,16.411739532850206,0.01688067771181,16.577701136898913,0.0165943927485883,16.767691641249005,0.0165231761916678,17.0186134938483,0.0220111722443762,false,,,false,7.95,0.03,0.58,0.02,0.013,15.64581869635662,27.76,11246.049739669268,1.0162486928706955,0.0,true,12942.0,105.0,0.518,0.022,7.816,0.04,59.76,-0.9599999999999972,5.82,0.0147362845500358,7.473064130408E-4,true,11208.21,263.79,7.955726,0.048974,0.578088,0.028005,0.0132543091550647,8.133651939809E-4,true,,,,,false,12879.0,57.0,7.861,0.01,-5.0,3.0,54.0,0.536,0.005,0.014233297072955,1.76803687634E-4,true,true,-2.39467851970861,6.153270073125378,13181.712416081233,8.05421051192682,-2.2206099916165005,4.244330346078487,14480.372359410208,7.640041531336451,61.19881778478582,2.0,9.807024075428597,8.560011039224902,-3.001607494910308,7.49042329351063,2.0,12707.4,295.61743306796944,7.951200000000001,0.0506256955738271,12517.04,274.4326364311634,7.996840000000002,0.0806113574574687,416.01729585817,0.0903911605056761,397.6936434826466,0.1000161212620445,12683.846581861031,299.9106947692381,7.961376875381881,0.0704456093690372,2.0,2.0,104643,0.0276136591395097,0.0430616438762563,0.0336132977357825,0.0229780903997448,0.0170435736501891,0.0126265586886702,0.0225498959704643,0.0298184483786427,0.0158184281970696,16.833203054823286,16.378126235114422,16.554723046499166,16.750648067598817,17.00598693515963,16.454737104029537,16.48110655162136,16.466113571802932,0.0276289857547347,0.0430855447016888,0.0336319543751738,0.0229908441006716,0.0170530334720141,0.012633566901731,0.0225624120074429,0.0298349987344864,0.0158272080172743,16.833179153997854,16.37810757847503,16.55471029279824,16.75063860777699,17.00597992694657,16.45472458799256,16.481090001265514,16.466104791982726,0.0276437575689215,0.0431085803522233,0.0336499356715261,0.023003136136292,0.017062150862135,0.0126403214277366,0.022574474982202,0.0298509499916726,0.0158356700208383,16.83315611834732,16.37808959717868,16.55469800076262,16.75062949038687,17.005973172420564,16.454712525017797,16.481074050008328,16.466096329979163,1,0.0130171779134784,4.299776663477461E-7,11401.620612439225,0.0314255858719861,2.174933592315077E-13,0.0125854182364909,0.0015761133325089,11559.356537806672,1289.2081640011045,1.6949716036109256E-11,0.0130933448671928,6.098119800093268E-7,11401.747958156211,0.0267646874600035,2.092161926881484E-13,0.0126590865366872,0.0015851801845571,11559.466999759188,1289.0763398577249,1.845024585457744E-11,0.0131648690333269,8.182526239669236E-8,11401.861924245955,0.0104967013637361,5.1166393846718864E-14,0.0127282638564599,0.0015939240622475,11559.57341447162,1289.1096907042672,1.9925937382785244E-11,0.0130933448671928,1.476923787903E-4,11401.747958156211,0.2427915496108731,7.578444898335783,4.376645345785E-4,1,2,7.578467865625543,4.030695065095E-4,1,2,7.578560012912245,5.874472815381322E-5,1,2,0.0173980603742773,18.044090500000003,0.0130933448671928,1.476923787903E-4,0.0126590865366872,0.0015916033075665,11401.747958156211,0.2427915496108731,11559.466999759188,1289.076358101597,3.910636489454E-4,240.28168837078488,0.6201474693448895,0.14754338448838794,0.6001335010500012,0.10878064290310474,0.5822227214830612,0.04666159906839806,-10.690390615969093,-21.53824172810673,-10.847851112137636,true,HE0150+0045,2510891108771852416,12993,,7.68,,0.471,,HE0150+0045,HE0150+0045,52675.543,-0.1,2.8,,,-0.1,2.9,,0.0,,0.0,,
7.0425188E7,2558916466707621504,102709,59954,4399899715,27021597958258737,63050395067206303,23.23909378051757,2.192495822906494,143.4042510986328,-59.01905822753906,291.9559936523437,287.0674743652344,297.3411865234375,10000.0,1.0,900.0,15.633769035339355,DA,0.9029672741889954,37051.73828125,3589.12939453125,8.878166198730469,0.1905393153429031,27021597958258737,spec-102709-59954-27021597958258737.fits,17.491306030498517,0.09301301,-5.468112624733828,0.048127733,4431.350754778862,4.1336884,16.571026,3697.388752187193,15.424311,16.418804,1411.287557423365,9.358666,16.873857,1.1528486,false,false,0.0,1.0,16.00164,16.35705,16.78946,17.19232,17.52058,0.0159057,0.02902728,0.01721621,0.02518357,0.02256678,397.5044,286.5365,192.4051,132.7608,98.11646,0.02948893,0.01704025,0.1074335,0.105456,0.2403958,15.961645149373217,0.0187880624996299,16.357050120638323,0.0307015143632753,16.78945855121715,0.0199097435132675,17.2073253481281,0.0270963502698223,17.550645323356346,0.0246831837405226,false,,,false,7.71,0.07,0.53,0.03,0.017,50.41950211134859,15.57,33962.52725904082,1.0592537251772889,0.0,true,,,,,,,,,,,,false,38698.87,4555.78,7.838828,0.12311,0.591044,0.056044,0.0153327136697336,0.0022915504894212,true,41083.0,155.0,7.742,0.016,true,,,,,,,,,,,,false,true,29.67702965093005,32.62853036194754,41387.02425163255,7.761447338290732,29.67702965093005,32.62853036194754,41387.02425163255,7.761447338290732,15.633769035339355,1.0,34.11771749775743,34.11771749775743,29.67702965093005,34.11771749775743,1.0,41222.56,641.3470044953731,7.81932,0.0376429905997135,41222.56,641.3470044953731,7.81932,0.0376429905997135,1301.0714410326784,0.1151266690375152,1301.0714410326784,0.1151266690375152,41222.56,1301.0714410326784,7.81932,0.1151266690375152,1.0,1.0,102709,0.0515053355007636,0.0803191059850376,0.0626959349509548,0.0428590158669838,0.0317898824835191,0.0235512120358413,0.0420603423689073,0.0556177354147445,0.0295047261671701,15.88132604338818,16.294354185687368,16.746599535350168,17.175535465644582,17.527094111320505,16.528965657631094,16.363186264585256,16.84435227383283,0.0530043832148825,0.0826567700553,0.0645206817865789,0.0441064149789425,0.0327151177082915,0.024236663168696,0.0432844963224765,0.0572364733246588,0.0303634525862213,15.878988379317915,16.292529438851744,16.74535213623821,17.17461023041981,17.52640866018765,16.52774150367752,16.361567526675344,16.84349354741378,0.0543612033179547,0.0847726397336883,0.0661722991208859,0.0452354625574279,0.0335525678716304,0.0248570796290736,0.0443925042116278,0.0587016275803176,0.0311407042089908,15.876872509639528,16.290877821517437,16.744223088659723,17.17377278025647,17.525788243727273,16.52663349578837,16.360102372419682,16.84271629579101,2,,,,,,0.0139559412111801,2.235929420466E-4,44265.03079869812,1908.18393041588,1.327288092528536E-16,,,,,,0.0141445800093169,2.936954331175E-4,44604.71766762053,2355.819101606305,1.3440148355298105E-15,,,,,,0.0143600374800722,2.735369830652E-4,44916.90745707613,2271.407753258336,1.2374875812318445E-15,0.0141445800093169,4.995506000062E-4,44604.71766762053,2444.3458873963023,,,0,2,,,0,2,,,0,2,0.0211269965844733,12.3914885,,,0.0141445800093169,4.995506000062E-4,,,44604.71766762053,2444.3458873963023,7.240349941668E-4,2777.437920065568,0.4808990012299146,0.13665746987213384,0.5813175710538585,0.09750067642473703,0.6454188891691635,0.07434300011414041,22.63015368241057,12.51449828968627,-10.1156553927243,true,HS0130+0156,2558916466707621504,41083,,7.74,,0.556,,HS0130+0156,HS0130+0156,52547.7017,43.1,12.9,-40.0,40.0,35.6,8.4,,0.35,,-0.26,,
7.8848914E7,3632418223511334016,15200,59270,4589580198,27021598146778356,63050395165608782,205.8243865966797,-5.760055541992188,325.7159423828125,54.80123901367188,265.8675842285156,260.0219421386719,271.8895568847656,10010.0,4.0,3600.0,34.67849349975586,DA,0.9788224101066588,32817.5625,548.263671875,8.900813102722168,0.0926589518785476,4589580198,spec-015200-59270-4589580198.fits,-9.384399963824166,0.101428516,-31.85090920644798,0.07620275,3958.5762754604566,4.079235,16.69352,3253.3948982632214,12.059616,16.557701,1279.4255716269756,13.732055,16.980358,1.1450633,false,false,,,,,,,,,,,,,,,,,,,,,,,,,,,,,,,,,true,,,false,7.74,0.07,0.53,0.03,0.016,40.06009599330788,3.97,29991.62518987653,1.0447202192208,0.0,true,,,,,,,,,,,,false,31113.63,2052.59,7.791793,0.117474,0.549523,0.053117,0.0156070045223723,0.0022415230234592,true,32936.0,141.0,7.911,0.024,true,,,,,,,,,,,,false,true,25.069328161639525,11.102251008209164,34226.24119377829,7.790777668783141,26.399375438697003,3.1330301097771507,34314.48445859828,7.820134416824389,154.9032840855516,12.0,13.420015488203664,8.065737668033782,26.976648636941736,4.612321099297922,11.0,35494.0,246.5351308639792,7.737160000000002,0.0630059560535048,34615.16,154.74719116372555,7.795319999999999,0.0642169723478362,853.0109273812237,0.0946372082554509,810.8841741148027,0.0859496447070744,34718.19430270129,257.02839254808947,7.756585992453736,0.0314739983455445,11.0,11.0,15200,0.0526428554072698,0.0820929917590543,0.0640806045850875,0.0438055776794243,0.0324919772043652,0.0240713517893766,0.0429892650961146,0.0568460796352792,0.0301563521205759,,,,,,16.650530734903885,16.500854920364723,16.950201647879425,0.0528867191026148,0.0824732807874022,0.0643774527122107,0.0440085034129732,0.0326424936147845,0.02418286034555,0.0431884093288011,0.0571094144209494,0.0302960489400086,,,,,,16.650331590671197,16.500591585579052,16.95006195105999,0.0531578640428043,0.0828961130818946,0.0647075094988935,0.0442341306257823,0.0328098484276562,0.0243068434614109,0.0434098320009395,0.0574022086993651,0.0304513737647888,,,,,,16.65011016799906,16.500298791300636,16.94990662623521,2,,,,,,0.013870095353309,5.194814728652E-4,34659.31149470113,1541.9361269089952,7.5619103338597755E-16,,,,,,0.0141757202284829,6.561471002896E-4,34680.77441597195,1778.2381360778409,2.87727640743982E-16,,,,,,0.013160460353771,0.0147994164085386,39938.45932866162,72792.86156925338,4.942040037232284,0.0141757202284829,9.664941023036E-4,34680.77441597195,5570.595365076463,,,0,2,,,0,2,,,0,2,,12.8958355,,,0.0141757202284829,9.664941023036E-4,,,34680.77441597195,5570.595365076463,0.0010990245202826,5665.967949703635,0.4570503319358459,0.11490948970938487,0.557249493153253,0.06971886840626684,0.6116144145315059,0.1270142000854202,33.63608231362021,44.11971001424775,10.483627700627542,true,HE1340-0530,3632418223511334016,32936,,7.91,,0.606,,HE1340-0530,HE1340-0530,51741.5685,19.9,6.7,-40.0,40.0,24.7,5.5,,0.9,,-0.46,,
7.8859799E7,3634151534873010176,19484,59636,4589598135,27021598146796063,63050395165660982,204.5941772460937,-3.7886831760406494,324.8529052734375,57.07184219360352,100.43472290039062,99.79698181152344,101.13727569580078,10012.0,1.0,900.0,17.710521697998047,DA,0.986267387866974,13000.0,553.5841064453125,9.489999771118164,0.1078717559576034,27021598146796063,spec-019484-59636-27021598146796063.fits,-68.33679393915224,0.07778506,9.285495024473985,0.042405766,4022.348562072793,3.2404583,16.676168,3134.41338913524,12.3392935,16.598152,1431.3788206087636,7.9367757,16.85851,1.1351061,false,false,,,,,,,,,,,,,,,,,,,,,,,,,,,,,,,,,true,61.869,1.488,true,8.52,0.02,0.93,0.01,0.009,70.23048813006734,10.56,19543.394557753963,1.02093948370768,0.0,true,,,,,,,,,,,,false,20110.98,696.35,8.535271,0.042683,0.954422,0.026387,0.008738921533051,4.461038445111E-4,true,20188.0,75.0,8.47,0.013,true,,,,,,,,,,,,false,true,57.68607772006568,13.935970735152791,21181.1137844523,8.48510752931687,63.59038191150551,6.48592464485483,21252.977668346008,8.488056311014967,48.96050487772049,3.0,16.714479054842375,9.871916895368043,61.04979551718205,9.639541955500606,3.0,20934.36,429.14561275353896,8.446999999999997,0.0705570852926416,22057.92,282.3301760555047,8.422559999999997,0.0509692574246878,682.1950650106204,0.1238274325620427,580.5094166543267,0.0803014128471262,21739.46030463247,374.4387082178172,8.409586723323892,0.0653070117633031,3.0,3.0,19484,0.0147844232998788,0.0230553135982003,0.0179966450559833,0.0123025280125457,0.0091251726587196,0.0067602916198442,0.0120732716265974,0.0159648730632975,0.0084692266686814,,,,,,16.664094728373403,16.582187126936702,16.85004077333132,0.0149335566294914,0.0232878769936349,0.0181781806860594,0.012426625985659,0.0092172200354946,0.0068284839854151,0.0121950570463241,0.0161259138173722,0.0085546573917286,,,,,,16.663972942953677,16.582026086182626,16.849955342608272,0.0151028375842363,0.0235518592551465,0.018384241429552,0.012567489355538,0.0093217028353,0.0069058890080223,0.0123332954413152,0.016308710866653,0.0086516296406521,,,,,,16.663834704558685,16.581843289133346,16.849858370359346,2,,,,,,0.0086414103197107,6.669627508665E-4,20094.677752119733,1611.1434454223174,2.395237433821097E-10,,,,,,0.0086960712600635,6.708550693414E-4,20097.679475133893,1610.153267504841,1.0779152821514189E-13,,,,,,0.0087559346129895,6.75135102149E-4,20101.67425621463,1609.0327274758122,1.04141204813187E-12,0.0086960712600635,6.805603116638E-4,20097.679475133893,1610.1684681815334,,,0,2,,,0,2,,,0,2,,10.1380346,,,0.0086960712600635,6.805603116638E-4,,,20097.679475133893,1610.1684681815334,8.614064077314E-4,1707.704754053164,0.729054410670058,0.19756896571761615,0.8681620721801908,0.09953464606765683,0.93192519279751,0.15372790495348276,70.7791246480613,81.09717882902868,10.318054180967373,true,HE1335-0332,3634151534873010176,20188,,8.47,,0.896,,HE1335-0332,HE1335-0332,51740.552,49.8,5.3,,,56.7,3.4,,1.67,,-0.71,,
7.8959244E7,3650552739370519680,102358,59645,4592372185,27021598149544309,63050395166189012,221.1409912109375,-0.9995883107185364,351.57501220703125,50.86640167236328,77.85269165039062,77.55426788330078,78.22103118896484,10021.0,2.0,1800.0,30.93002700805664,DA,0.9980615377426147,13000.0,499.1411743164063,8.152128219604492,0.0920975282788276,27021598149544309,spec-102358-59645-27021598149544309.fits,31.227916019999324,0.058121264,22.584277404829155,0.059402887,5698.310521528038,4.8366675,16.298002,4111.176733424615,22.539133,16.303627,2336.450333171693,18.241291,16.326504,1.131498,false,false,1.0,1.0,16.60391,16.23582,16.41804,16.60627,16.83378,0.01652362,0.01618793,0.01725415,0.01425876,0.02113808,228.2624,320.3837,270.8839,227.7675,184.7064,0.08286454,0.04382533,0.05396284,0.1117636,0.07732604,16.56391405195075,0.0193139850342802,16.23582396851795,0.0190275872796552,16.418042016292528,0.019942559821209,16.621270612600302,0.0174158616421238,16.863795140439333,0.0233841490348996,false,30.596,1.551,true,8.11,0.02,0.66,0.02,0.012,37.07751787568101,12.94,12133.888504649762,1.0185913880541169,0.0,true,12830.0,125.0,0.787,0.019,8.309,0.03,68.14,50.17,7.04,0.0102969946060588,3.767405489587E-4,true,12333.19,353.28,8.12225,0.038618,0.68009,0.023894,0.0118681031860157,5.673572192551E-4,true,15775.0,72.0,8.025,0.014,true,11843.0,28.0,8.451,0.013,48.0,3.0,59.0,0.877,0.008,0.0092304508844982,1.444227705253E-4,true,true,30.70811765867815,8.155919676873365,17129.055394381845,8.054315858055537,32.52241929889353,4.148293882809551,17063.008233681972,8.011464854960156,73.37903505553219,3.0,11.169465766688417,8.511822240163433,30.24188205381005,6.805556838185778,3.0,15881.8,566.1224343175151,8.04088,0.0498329500493278,16254.8,611.996667454788,7.99428,0.0617989794533405,674.0239756163854,0.0897935618033622,717.1142203113722,0.0847567405972251,15907.39288101509,377.7666663618311,8.065478439139785,0.06077178312636,3.0,3.0,102358,0.0178769063655313,0.027877832909882,0.021761034031145,0.0148758688031753,0.0110339006047381,0.0081743533609885,0.0145986584675289,0.0193042728215514,0.010240749271953,16.536036219040867,16.214062934486805,16.40316614748935,16.610236711995565,16.855620787078344,16.28340334153247,16.28432272717845,16.316263250728046,0.0179732723183191,0.0280281091307834,0.021878337480365,0.0149560575808896,0.0110933791477813,0.0082184174363911,0.0146773529353458,0.0194083330322662,0.0102959523110401,16.535885942819966,16.213945631037582,16.40308595871164,16.61017723345252,16.85557672300294,16.283324647064653,16.284218666967732,16.31620804768896,0.0181031112431584,0.0282305841998954,0.0220363865971542,0.0150641001455237,0.0111735177222085,0.0082777872865176,0.0147833821375335,0.0195485388361512,0.0103703302737498,16.535683467750854,16.213787581920794,16.402977916147005,16.610097094878093,16.855517353152816,16.283218617862467,16.284078461163848,16.31613366972625,1,0.0119700466481118,6.5708780018205E-8,11935.092323234525,0.0145249927155541,2.0400530022682777E-14,0.0116747056387145,0.0016276529192262,12308.72149846337,1393.7255802087604,9.703608649290437E-14,0.0120157740703803,2.1923907379028925E-7,11935.869320704303,0.0438461385436786,9.724588933529993E-14,0.0117193857732366,0.0016340716697604,12309.610674536483,1393.9237430446442,1.379650321716181E-13,0.0120721580429357,1.671708708952873E-8,11936.903103843635,0.0049028422199069,3.593094076537684E-15,0.0117745036547901,0.0016420137050023,12310.809042723717,1394.1911339189994,2.014697531392301E-13,0.0120157740703803,1.021116301831E-4,11935.869320704303,1.8113113752733925,8.30550625940958,4.800229039914195E-5,1,2,8.305548013048234,7.301262466359484E-5,1,2,8.3058050365711,1.5258308440878744E-5,1,2,0.0208802312967962,20.390212,0.0120157740703803,1.021116301831E-4,0.0117193857732366,0.0016371163263269,11935.869320704303,1.8113113752733925,12309.610674536483,1393.925306199952,4.50971899461E-4,304.04170873416564,0.51920309121021,0.10856407914866324,0.607169552949741,0.09344759588110707,0.6548249625609219,0.0689683789268204,43.94419610661713,56.29066940132955,12.346473294712426,true,HE1441-0047,3650552739370519680,15775,,8.03,,0.626,,HE1441-0047,HE1441-0047,51738.6668,27.1,5.5,,,22.3,3.7,,0.8,,-0.43,,"G&L, vrot"
7.9200254E7,3690323316193465344,103268,60089,4598636428,27021598155661151,63050395167295394,195.29393005371097,1.1277843713760376,308.47039794921875,63.8947639465332,82.5784912109375,82.10894012451172,83.06299591064453,10012.0,1.0,900.0,22.08247947692871,DA,0.982905089855194,12126.16796875,192.2228240966797,7.931160926818848,0.106088176369667,27021598155661151,spec-103268-60089-27021598155661151.fits,27.580723777321168,0.073177606,6.277547773648662,0.07800941,5459.937179795096,10.765751,16.344398,3873.797763429862,31.570454,16.3682,2341.976027003272,17.18469,16.32394,1.1384332,false,false,1.0,1.0,16.69475,16.31417,16.47405,16.60875,16.81983,0.01359087,0.0141901,0.01948315,0.01328503,0.01731825,209.9422,298.0795,257.2646,227.2484,187.0952,0.144795,0.06588903,0.04692128,0.1293364,0.1122763,16.654750640263202,0.0168734035498739,16.314169727337234,0.0173596929123184,16.4740499231484,0.021899614926352,16.623747914639218,0.0166280492572309,16.84984338587656,0.0199980444809611,false,50.179,0.269,true,7.89,0.03,0.54,0.02,0.014,55.23773980891915,15.68,10990.05839432522,1.0185913880541169,0.0,true,11289.0,62.0,0.553,0.026,7.902,0.041,63.79,46.83,5.8,0.0137906801121264,7.272220929246E-4,true,11231.27,260.97,7.930351,0.046654,0.563753,0.026253,0.0134769634967373,7.889692347595E-4,true,11258.0,22.0,7.946,0.013,true,11149.0,25.0,8.066,0.016,29.0,4.0,43.0,0.639,0.009,0.0122736447299186,2.420476056835E-4,true,true,39.92477219772867,9.167702015140389,15694.670523679502,7.391794014730297,39.92477219772867,9.167702015140389,15694.670523679502,7.391794014730297,22.08247947692871,1.0,12.366739701013223,12.366739701013223,39.92477219772867,12.366739701013223,1.0,11500.8,272.7735704522192,8.11664,0.0569568641084824,11500.8,272.7735704522192,8.11664,0.0569568641084824,384.7443236767684,0.106438814749037,384.7443236767684,0.106438814749037,11500.8,384.7443236767683,8.11664,0.106438814749037,1.0,1.0,103268,0.0185562870622733,0.0289372814049802,0.0225880242362519,0.0154412002931713,0.0114532247835056,0.0084850054261865,0.0151534550614347,0.0200378980949316,0.01062993111546,16.62581335885822,16.29158170310098,16.458608722855228,16.612294689855712,16.841358380450373,16.329244544938568,16.34816210190507,16.31331006888454,0.0185953128942158,0.0289981395646537,0.0226355292373762,0.0154736747685666,0.0114773121251219,0.0085028502889375,0.0151853243782108,0.0200800399113903,0.0106522869835213,16.62575250069855,16.291534198099857,16.45857624837983,16.612270602514094,16.841340535587623,16.32921267562179,16.34811996008861,16.31328771301648,0.0186366741752749,0.0290626397001206,0.0226858771122431,0.0155080926358411,0.0115028409417281,0.0085217630538157,0.0152191008719517,0.0201247036489234,0.0106759807088356,16.62568800056308,16.291483850224992,16.45854183051256,16.61224507369749,16.841321622822743,16.32917889912805,16.348075296351077,16.313264019291164,1,0.0135897698983543,6.721517266046468E-9,10945.825228849571,0.001125850204948,5.190964110684548E-16,0.0131519591148309,0.0015480548511477,11291.847493256928,1221.3699919306791,8.364084821648284E-11,0.0136671886796633,4.935517976838059E-7,10946.02238360352,1.6729567824693092,4.6879258335482894E-11,0.0132271700742294,0.0015570080978139,11292.101217182084,1221.436723571902,1.4358868344851825E-13,0.0137471905497309,6.258083030067098E-7,10946.288719936048,2.984247770131685,4.728002645806548E-11,0.0133046472989565,0.0015662757151149,11292.3709405361,1221.512745594118,1.3953244729325252E-13,0.0136671886796633,1.574214250767E-4,10946.02238360352,1.7359747645785926,8.556915317578373,1.5571021691785802E-5,1,2,8.557017747591889,5.943680890778E-4,1,2,8.557163835663092,0.0011471139517281,1,2,0.0195903543190623,24.377572,0.0136671886796633,1.574214250767E-4,0.0132271700742294,0.00156447687686,10946.02238360352,1.7359747645785926,11292.101217182084,1221.4368357336848,4.39816233986E-4,260.9942360655412,0.8903323259840313,0.22560518956228856,0.6663524006201358,0.12871729420109157,0.5487832809524086,0.04392493964148947,45.2569630911648,54.03421171236162,8.77724862119682,true,HE1258+0123,3690323316193465344,11387,,7.77,,0.497,,HE1258+0123,HE1258+0123,51703.5253,41.1,3.5,,,40.7,2.6,,0.01,,-0.04,,
7.9757299E7,3796545519645331584,102882,59647,4574409076,27021598131724097,63050395169925995,171.83863830566406,-2.143741607666016,264.9215393066406,54.40200805664063,185.38595581054688,182.6513214111328,187.70684814453125,10022.0,2.0,1800.0,22.49625587463379,DA,0.94373881816864,23274.533203125,721.28759765625,8.652751922607422,0.088194765150547,27021598131724097,spec-102882-59647-27021598131724097.fits,-35.79480100298131,0.071068875,11.922939448426929,0.050345812,5230.074595862098,4.0183706,16.391098,4063.635721565735,17.392887,16.316256,1856.1288994158244,10.032972,16.576376,1.13187,false,false,1.0,1.0,16.13114,16.21519,16.57246,16.86141,17.14906,0.01735745,0.01799478,0.01837564,0.01896764,0.01872392,352.8125,326.5291,234.9714,180.0671,138.1543,0.03143319,0.03414377,0.06323145,0.1010536,0.1761476,16.091140090987345,0.0200320011607053,16.215195271758915,0.0205866973370766,16.57246248876815,0.0209204241211692,16.876414074332057,0.0214422798967274,17.179088983216673,0.0212269917832555,false,,,false,7.43,0.03,0.41,0.01,0.02,11.401983935481104,16.65,18793.168168032684,1.023292992280754,0.0,true,25302.0,116.0,0.519,0.01,7.72,0.022,93.95,11.07,4.02,0.0164742934635344,4.464326590934E-4,true,19305.41,713.06,7.495038,0.05039,0.41808,0.012064,0.0191572786054299,0.001145237528331,true,23942.0,45.0,7.628,0.009,true,25104.0,86.0,7.787,0.011,2.0,3.0,59.0,0.534,0.004,0.0154701223186202,2.043051074386E-4,true,true,45.8806835292226,8.677943581344195,25094.46454812299,7.700099185814881,45.8806835292226,8.677943581344195,25094.46454812299,7.700099185814881,22.49625587463379,1.0,11.96834040168016,11.96834040168016,45.8806835292226,11.96834040168016,1.0,25562.12,444.3155500715115,7.779240000000001,0.0596849426906708,25562.12,444.3155500715115,7.779240000000001,0.0596849426906708,747.5924500424801,0.1071388374676956,747.5924500424801,0.1071388374676956,25562.120000000003,747.5924500424801,7.779240000000001,0.1071388374676956,1.0,1.0,102882,0.0410209019532183,0.0639693371482558,0.049933541360008,0.0341346283952447,0.025318729405062,0.0187571239058792,0.0334985329900076,0.04429618114563,0.0234987398391395,16.02717075383909,16.165261730398907,16.538327860372906,16.851095344926996,17.160331859310794,16.35759946700999,16.27195981885437,16.55287726016086,0.0413798943639581,0.0645291616636326,0.0503705322972147,0.0344333559208191,0.0255403050231788,0.0189212759554172,0.0337916937578533,0.0446838370015195,0.0237043879078684,16.026610929323713,16.1648247394617,16.53802913284733,16.85087376930888,17.160167707261255,16.357306306242148,16.27157216299848,16.55267161209213,0.0416539767102159,0.0649565746452912,0.0507041647021901,0.0346614274305552,0.0257094728480969,0.0190466022228657,0.0340155151776886,0.0449798032207045,0.023861395419711,16.026183516342055,16.164491107056726,16.537801061337593,16.85070460148396,17.160042380993808,16.35708248482231,16.271276196779294,16.55251460458029,1,0.0170542327315006,2.390115222456E-4,22180.62006816372,877.0214762371229,0.3489084436043991,0.0177493116914603,0.0012631113043763,20674.505357902483,1438.0551889444066,3.773754555174849E-13,0.0173077476843648,2.501212501807E-4,22187.05180400201,904.5334428127871,0.3453041641429346,0.0180114567712147,0.0012817496455887,20682.53821596948,1438.9387777635432,7.531082708226866E-11,0.0175227768846553,2.540664273394E-4,22192.35609170193,907.920360170651,0.3425697135085633,0.0182340005905312,0.001297468076853,20689.11650120439,1439.4784824572644,1.2806565309229612E-16,0.0173077476843648,5.311254684605E-4,22187.05180400201,904.6095751290958,8.0,,2,2,8.0,,2,2,8.0,,2,2,0.0207264723550433,13.7129295,0.0173077476843648,5.311254684605E-4,0.0180114567712147,0.0013703304283454,22187.05180400201,904.6095751290958,20682.53821596948,1439.0129574330554,6.870674251077E-4,1064.3644295114796,0.6565606835531884,0.17015248516869386,0.531105659338329,0.08005817382573138,0.48322878594913654,0.036970917128497094,44.106993756050365,48.13140036108047,4.024406605030106,true,WD1124-018,3796545519645331584,23942,,7.63,,0.486,,WD1124-018,WD1124-018,52328.8413,-17.2,2.5,,,38.1,1.7,,454.57,<,-100.0,DD,
7.9768533E7,3798659326454564224,101212,59676,4594632550,27021598151761663,63050395169970106,171.70591735839844,1.4662915468215942,261.0518798828125,57.28973388671875,116.8525619506836,115.9449462890625,117.6551742553711,10010.0,6.0,5400.0,49.97269821166992,DA,0.9981739521026612,16378.689453125,211.98472595214844,8.109951972961426,0.0721326693892479,27021598151761663,spec-101212-59676-27021598151761663.fits,-172.15254858422455,0.06054919,43.74259963643026,0.05253048,5744.377788857662,4.6112437,16.289259,4306.948528733173,18.372805,16.253119,2156.565334012473,10.637459,16.413488,1.1251895,false,false,1.0,1.0,16.37169,16.13062,16.42942,16.70318,16.98656,0.01174866,0.01227804,0.01295776,0.0181236,0.01587492,282.6994,352.9806,268.0587,208.3179,160.4606,0.1068616,0.06276082,0.09770761,0.08269995,0.1816569,16.331687783135642,0.0154282536858712,16.130622907525307,0.0158350960288089,16.429425232328946,0.0163677592912896,16.71818352775634,0.0206993931543898,17.01657897050267,0.0187620117526452,false,,,false,7.75,0.03,0.5,0.01,0.016,86.82631697481875,51.93,15066.070661867418,1.0185913880541169,0.0,true,16336.0,42.0,0.485,0.01,7.71,0.021,84.71,84.60000000000001,4.04,0.0161099424271703,4.234235616267E-4,true,15507.36,457.09,7.771023,0.048047,0.491731,0.023318,0.0151208224243693,9.10023111981E-4,true,,,,,false,16343.0,44.0,7.83,0.01,75.0,3.0,52.0,0.531,0.004,0.014681498314854,1.77842469184E-4,true,true,79.337616825335,4.520643569048431,16822.853289478953,7.772413221885766,79.337616825335,4.520643569048431,16822.853289478953,7.772413221885766,49.97269821166992,1.0,8.706371122764793,8.706371122764793,79.337616825335,8.706371122764793,1.0,16632.56,224.95163365182185,7.865159999999999,0.0424846802600257,16632.56,224.95163365182185,7.865159999999999,0.0424846802600257,443.71913907151065,0.0749225397763214,443.71913907151065,0.0749225397763214,16632.56,443.71913907151065,7.865159999999999,0.0749225397763214,1.0,1.0,101212,0.0172445498776077,0.0268917155051501,0.0209912850168496,0.0143496674594504,0.0106436004883844,0.0078852034780777,0.0140822628335102,0.0186214263651371,0.0098785051503524,16.30479606763049,16.10963162250846,16.415075564869497,16.707539927267955,17.008693767024592,16.27517673716649,16.234497573634865,16.403609494849647,0.0174731283503998,0.027248168257153,0.0212695268906676,0.014539873936061,0.0107846826251703,0.0079897227483089,0.0142689248313464,0.0188682554925984,0.0100094458612879,16.30443961487849,16.10935338063464,16.414885358392883,16.70739884513117,17.00858924775436,16.274990075168656,16.234250744507403,16.40347855413871,0.017684844011094,0.0275783245880392,0.0215272421576769,0.0147160483997891,0.0109153567758763,0.0080865313676071,0.0144418163014646,0.0190968754110042,0.0101307267447799,16.304109458547604,16.10909566536763,16.414709183929155,16.707268170980466,17.008492439135065,16.274817183698538,16.234022124588996,16.40335727325522,1,0.0143564917322935,1.758210329086E-4,16305.646924031626,1051.7075922298789,0.1069612183607103,0.0145228636521787,0.0015623996035089,15824.48764791014,1899.416735359968,1.3783431556643866E-12,0.0144682810436213,1.788688510511E-4,16308.281489870058,1053.6620761902154,0.1080881321110572,0.0146349376017704,0.0015697635564439,15828.525634610478,1892.5678307667813,1.1581584533598205E-12,0.0145670670712772,1.788791203587E-4,16310.764107020072,1051.1602973880786,0.1091392646598365,0.0147339569653611,0.0015868948732897,15832.267399332544,1903.9867397735711,9.67101558527744E-13,0.0144682810436213,2.762897740859E-4,16308.281489870058,1053.6745020940823,8.0,,2,2,8.0,,2,2,8.0,,2,2,0.0168526749099353,14.505132,0.0144682810436213,2.762897740859E-4,0.0146349376017704,0.0015838933076472,16308.281489870058,1053.6745020940823,15828.525634610478,1892.5838207554968,4.459238763916E-4,1104.8762337227793,0.5591748557600157,0.1024393845891484,0.5454610219820942,0.0668379400293424,0.5375319515811817,0.03813735614186353,77.97099871830393,81.94252352827255,3.97152480996862,true,HE1124+0144,3798659326454564224,16246,,7.74,,0.5,,HE1124+0144,HE1124+0144,51727.48,72.5,1.2,,,72.3,1.0,,0.01,,-0.04,,
8.0131393E7,3868927607051816320,101240,60053,4594453787,27021598151587061,63050395171655551,159.78079223632812,8.31119441986084,237.7211456298828,53.49650192260742,230.6214294433593,227.93820190429688,233.17723083496097,10012.0,4.0,3600.0,43.02700424194336,DA,0.988418996334076,21938.212890625,521.8868408203125,8.340520858764648,0.0755084604024887,27021598151587061,spec-101240-60053-27021598151587061.fits,9.422291296510702,0.06770158,-45.6063375827503,0.051222112,5224.880422344648,4.4461246,16.392176,4060.20672984833,24.00331,16.317171,1902.0912454348163,17.467875,16.549818,1.1411358,false,false,1.0,1.0,16.19436,16.19267,16.58167,16.84701,17.13375,0.01503825,0.01804623,0.01846865,0.01891202,0.02242585,332.8557,333.3752,232.9866,182.4723,140.1167,0.04704807,0.03256935,0.06366722,0.09898675,0.1193776,16.154360003890954,0.0180595947646258,16.19266677689506,0.0206316847885212,16.58167264071185,0.0210021673363131,16.862007634459857,0.0213930946915213,17.163775249122857,0.0245544038457971,false,12.578,4.258,false,7.04,0.04,0.29,0.02,0.027,34.10843783430808,12.27,17298.16359215103,1.0327614057613974,0.0,true,23076.0,298.0,0.413,0.013,7.41,0.042,53.38,119.12,5.08,0.0209989773393393,0.0010678217241931,true,18075.87,957.14,7.115699,0.082418,0.307669,0.023925,0.0254340481451868,0.0026081154734576,true,22924.0,93.0,7.324,0.012,true,23087.0,97.0,7.554,0.013,136.0,4.0,46.0,0.466,0.004,0.0188980101281445,2.942421590408E-4,true,true,131.92745626107998,5.122861092913858,23120.00111783227,7.50480803046854,105.82461731068464,3.442106122895126,23047.74978021804,7.459556329670245,76.21181750980384,2.0,9.048742945468112,8.19084364009755,97.40828821728304,6.945762661660903,2.0,23105.4,392.72231379829685,7.45048,0.0639067451691603,23159.44,344.24838341623354,7.434839999999998,0.0674770441415706,660.7156787312177,0.0908779382974128,634.1309165250967,0.0888778302904276,23091.68462410861,467.61499205376555,7.444276067071201,0.0676607558791706,2.0,2.0,101240,0.0483206262853904,0.075352766196856,0.0588192817874823,0.0402089311434044,0.0298242311443604,0.0220949791761866,0.0394596417105837,0.0521787457879145,0.0276803720025369,16.079007237694096,16.133847495107577,16.541463709568447,16.832183403315497,17.14168026994667,16.352716358289417,16.264992254212085,16.522137627997463,0.0484445142692801,0.0755459611738726,0.058970086998314,0.040312021765291,0.0299006967068246,0.0221516279126507,0.0395608112489846,0.0523125255030071,0.027751340980887,16.07881404271708,16.133696689896745,16.54136061894656,16.832106937753032,17.141623621210208,16.352615188751013,16.26485847449699,16.52206665901911,0.0485582533521766,0.0757233296225001,0.0591085382494966,0.0404066672056354,0.0299708982120455,0.0222036359858341,0.0396536929809613,0.0524353459866978,0.027816496182047,16.078636674268452,16.133558238645563,16.541265973506217,16.83203673624781,17.14157161313702,16.352522307019036,16.2647356540133,16.52200150381795,1,0.0221141203258,4.097719788342E-4,21141.1989802219,854.0966219135934,1.0020662537600318,0.0234192172695031,0.0019114876135264,19515.010862963725,1737.907120847426,3.388996573552912E-11,0.0223811223515398,4.047831076981E-4,21135.236589238142,848.5553977889057,1.001440357017159,0.0236884104805449,0.0019347708646681,19523.47501980533,1738.6905747355474,2.731810987212822E-9,0.0226147222894302,3.701186985048E-4,21151.27334606364,821.0885181008048,0.9962812139511616,0.0239534988401888,0.0019555143452248,19521.78966114748,1738.0562687879449,1.2830152652982113E-13,0.0223811223515398,6.437792247876E-4,21135.236589238142,848.6151989941031,8.0,,2,2,8.0,,2,2,8.0,,2,2,0.021205388648912,20.7355925,0.0223811223515398,6.437792247876E-4,0.0236884104805449,0.0020071858647227,21135.236589238142,848.6151989941031,19523.47501980533,1738.7037892576884,7.834424211881E-4,1009.6577795558992,0.49677242935595867,0.10744810788515093,0.4274067892944497,0.049898080062181216,0.3933342042825674,0.03602907872570016,101.97002454399187,103.14482843470746,1.1748038907155935,true,WD1036+085,3868927607051816320,22924,,7.32,,0.395,,WD1036+085,WD1036+085,52009.7412,17.1,8.6,,,19.1,2.1,,0.03,,-0.07,,
8.0156548E7,3874412413432647680,101275,59666,4593293109,27021598150451433,63050395171755676,151.5963134765625,7.203229427337647,232.17889404296875,46.12793350219727,54.43833923339844,54.27151107788086,54.603172302246094,10011.0,1.0,900.0,22.435348510742188,DA,0.9943456053733826,9853.0869140625,141.38931274414062,8.137063026428223,0.1067287027835846,27021598150451433,spec-101275-59666-27021598150451433.fits,37.925361125333,0.061340686,-69.12961458893864,0.058811735,7632.186908788064,8.255114,15.980744,5121.775956993108,23.32885,16.064991,3594.6501366475577,15.497606,15.858754,1.1420614,false,false,1.0,1.0,16.43963,16.03083,16.06064,16.14944,16.32074,0.02747895,0.01521342,0.01162633,0.01478902,0.01779871,265.5509,386.9621,376.4821,346.9157,296.2797,0.0221387,0.03401402,0.06152824,0.04478384,0.0423894,16.399630555849626,0.0292419680100792,16.03082892186417,0.0182057174562388,16.060639169216167,0.0153353040161876,16.164440113258237,0.017852594000884,16.350745259420037,0.0204155352039592,false,48.132,2.905,true,7.89,0.02,0.54,0.01,0.014,69.35773980891915,29.8,9246.98173938223,1.0092528860766845,0.0,true,9455.0,11.0,0.565,0.024,7.936,0.037,57.03,60.11,4.92,0.0134043988844609,6.380363087384E-4,true,9457.14,124.69,7.951468,0.036296,0.57055,0.020863,0.0132323193584752,6.035528100962E-4,true,9486.0,16.0,8.02,0.018,true,9570.0,16.0,8.2,0.022,48.0,3.0,38.0,0.713,0.011,0.0111113770226601,2.941963835134E-4,true,true,61.6160668986762,6.592188129891316,9589.97722812337,8.060119365758332,61.6160668986762,6.592188129891316,9589.97722812337,8.060119365758332,22.435348510742188,1.0,10.560657527709107,10.560657527709107,61.6160668986762,10.560657527709107,1.0,9641.72,82.08024722544307,8.0816,0.0932507773376198,9641.72,82.08024722544307,8.0816,0.0932507773376198,241.26532213519317,0.1289827874468316,241.26532213519317,0.1289827874468316,9641.72,241.26532213519312,8.0816,0.1289827874468316,1.0,1.0,101275,0.0,0.0,0.0,0.0,0.0,0.0,0.0,0.0,0.0,16.399630555849626,16.03082892186417,16.060639169216167,16.164440113258237,16.350745259420037,15.980744,16.064991,15.858754,0.0,0.0,0.0,0.0,0.0,0.0,0.0,0.0,0.0,16.399630555849626,16.03082892186417,16.060639169216167,16.164440113258237,16.350745259420037,15.980744,16.064991,15.858754,0.0,0.0,0.0,0.0,0.0,0.0,0.0,0.0,0.0,16.399630555849626,16.03082892186417,16.060639169216167,16.164440113258237,16.350745259420037,15.980744,16.064991,15.858754,1,0.0129162489535925,7.464684280867425E-5,9529.79833652666,47.99852741101777,5.135297148827941E-8,0.01286507552861,6.311289422697E-4,9495.006757878264,439.3192952709337,1.5135130680121536E-7,0.0129490522611253,4.714941700651108E-9,9533.544133604471,3.561280009704E-4,8.016421521684624E-16,0.0129079598082124,6.246665437816E-4,9493.227460585327,434.7702579665079,2.73857300463192E-6,0.0129881912253692,3.487788468278568E-8,9533.601295420807,0.0042589615358226,3.156712976750491E-14,0.0129477388078576,6.388469920894E-4,9492.84140063119,441.432259887711,4.186406341709082E-6,0.0129490522611253,7.194227193120386E-5,9533.544133604471,3.802958910822905,7.882617997669894,0.0270274338160905,1,2,7.881726513735712,2.162666633595439E-5,1,2,7.881718911469811,8.497698547911863E-5,1,2,0.021664269076742,19.413228,0.0129490522611253,7.194227193120386E-5,0.0129079598082124,6.301122984484E-4,9533.544133604471,3.802958910822905,9493.227460585327,434.7756501740539,4.622645970866E-4,252.31314255888327,0.737275375767236,0.22520466798479138,0.6417159533749471,0.1516358979495105,0.5863118651443436,0.05662741273653349,55.42434620936531,54.70723289240579,-0.7171133169595195,true,HS1003+0726,3874412413432647680,9436,,7.76,,0.486,,HS1003+0726,HS1003+0726,52418.5841,55.2,5.8,,,54.7,1.3,,0.38,,-0.08,,
8.017277E7,3877952432852336128,101281,59641,4593206822,27021598150366822,63050395171823861,147.9836883544922,8.158681869506836,228.4214324951172,43.551570892333984,131.89007568359375,130.36447143554688,133.35240173339844,10022.0,1.0,900.0,18.300827026367188,DA,0.9983201026916504,13000.0,1306.3590087890625,7.793286323547363,0.1190495416522026,27021598150366822,spec-101281-59641-27021598150366822.fits,-82.76549259459026,0.08985408,-143.37511950252696,0.059215423,3232.4266790921065,3.056657,16.913546,2396.538661016666,12.308708,16.889582,1250.1547968321431,9.37273,17.005486,1.1281596,false,false,1.0,1.0,17.16113,16.77686,17.03797,17.27225,17.50159,0.01638453,0.01063999,0.02771601,0.02581247,0.02240603,136.6308,194.651,153.0424,123.3388,99.84827,0.235224,0.274823,0.06551825,0.1163018,0.2354737,17.121128471946314,0.0191951249884156,16.77685840198931,0.0146016912445134,17.037970580880682,0.0294648470269251,17.28725070317451,0.0276818281098069,17.531648638599684,0.0245363033149025,false,19.207,3.037,true,7.91,0.03,0.56,0.02,0.014,44.00728572776801,3.54,13963.683610559365,1.02093948370768,0.0,true,14899.0,178.0,0.53,0.023,7.83,0.044,43.87,22.74,7.77,0.0146676674137011,8.083104920565E-4,true,14224.16,450.23,7.909643,0.055593,0.559971,0.030379,0.0137557535756822,9.562258095816E-4,true,14755.0,66.0,7.808,0.012,true,14528.0,102.0,7.909,0.019,36.0,6.0,32.0,0.564,0.009,0.013815374786721,3.216806503367E-4,true,true,41.731396253293376,13.672214929646636,14461.613887893713,7.767596008986242,10.145348504666028,4.861573699300969,15087.509924800735,7.915352396698645,66.50278961682399,2.0,16.401788474015355,8.881615187427716,15.63938002307814,8.547912464045897,2.0,13961.92,630.0560705465194,7.977280000000002,0.0661482495345522,14593.8,327.6373949035965,7.987360000000001,0.0677153324653238,719.8682341363019,0.1198476475542113,469.0040825491192,0.0895210094112637,14504.332791877789,359.74209845283826,7.991505432049393,0.0723998904059886,2.0,2.0,101281,0.0274066570390669,0.0427388380255043,0.0333613201474824,0.0228058382200216,0.0169158087811142,0.0125319053811634,0.0223808536929788,0.0295949183707166,0.0156998474669333,17.07838963392081,16.743497081841827,17.01516474266066,17.270334894393397,17.51911673321852,16.89116514630702,16.859987081629285,16.989786152533068,0.0278631921476721,0.0434507738165721,0.033917046951194,0.0231857337254738,0.0171975892473717,0.0127406595818696,0.0227536698834698,0.030087905138613,0.0159613726707618,17.07767769812974,16.742941355038113,17.01478484715521,17.27005311392714,17.518907979017815,16.89079233011653,16.859494094861386,16.98952462732924,0.028358682668384,0.0442234579523167,0.0345201930360285,0.0235980451080259,0.0175034135910438,0.0129672264453136,0.0231582978844152,0.0306229576805203,0.0162452134027928,17.076905013993997,16.74233820895328,17.014372535772655,17.269747289583467,17.518681412154372,16.890387702115586,16.85895904231948,16.989240786597207,1,0.0140530134113329,2.451713941060416E-7,13194.760890847689,0.0423546360442121,2.7020106103529027E-14,0.0131465485682642,0.00162597355443,14604.94936037913,1939.218293530728,1.8415502744195298E-12,0.0142159593666806,1.0336982270059409E-7,13200.574945186478,0.0322398343518489,5.346408424921489E-15,0.0132980217053816,0.001643441108693,14611.472197240564,1939.3565605046483,2.6381840154485388E-11,0.0143719006018404,2.838794392583222E-7,13206.878125234152,0.0224902442877905,1.6664527516225772E-15,0.013443198190493,0.0016599285851948,14618.232511303391,1939.5681964447635,2.833503651808231E-12,0.0142159593666806,3.188872072615E-4,13200.574945186478,12.117277275997973,8.2596412856232,1.137339725003E-4,1,2,8.259741120576637,2.904220368474521E-5,1,2,8.259871087836256,1.4765426881E-4,1,2,0.0243987584434144,10.840719,0.0142159593666806,3.188872072615E-4,0.0132980217053816,0.0016699999030271,13200.574945186478,12.117277275997973,14611.472197240564,1939.402049826414,6.076251512396E-4,395.10485819015986,0.715263574597484,0.15961302403819033,0.5997582377989256,0.09684579294544293,0.5365250448020985,0.05087947920988223,3.1658484608622746,1.6078483710374711,-1.5580000898248034,true,HS0949+0823,3877952432852336128,14755,,7.81,,0.518,,HS0949+0823,HS0949+0823,52663.7756,29.5,3.2,,,29.3,1.4,,7.8,,-1.0,,
8.6522587E7,4228449385142100480,101060,59840,5318104105,27021598874445293,63050395591414264,312.15966796875,0.9336555004119872,48.17598342895508,-25.344457626342773,215.6083374023437,213.4612731933593,217.85223388671875,10012.0,2.0,1800.0,30.48328971862793,DA,1.0,26416.603515625,813.75146484375,8.772980690002441,0.094319112598896,27021598874445293,spec-101060-59840-27021598874445293.fits,21.474228872995,0.066099435,14.18060009063736,0.047137123,7484.942290173556,4.659089,16.001896,5996.728595389353,14.115583,15.893756,2558.4127977666585,13.662765,16.227968,1.1429802,false,false,1.0,1.0,15.68995,15.8308,16.21308,16.55092,16.81693,0.01397001,0.009865016,0.01086436,0.008210026,0.01729489,529.6865,465.2436,327.1651,239.6807,187.5959,0.02152866,0.05596186,0.09330519,0.3044335,0.1119797,15.649952739221414,0.0171802555103263,15.830798981031954,0.0140470118060837,16.213082576115873,0.0147659851757205,16.565917338997657,0.0129384901329589,16.84694164392802,0.0199778182019984,false,,,false,7.25,0.03,0.38,0.01,0.024,29.570800600574835,4.49,23388.37238659353,1.02093948370768,0.0,true,,,,,,,,,,,,false,24447.07,806.09,7.345446,0.043438,0.40374,0.006097,0.0223640785207396,0.0011311000551562,true,27096.0,32.0,8.153,0.005,true,,,,,,,,,,,,false,true,-22.95964294623932,9.764269845570713,27670.743111999283,7.8314508283819935,-22.95964294623932,9.764269845570713,27670.743111999283,7.8314508283819935,30.48328971862793,1.0,12.402159441833549,12.402159441833549,-22.95964294623932,12.40215944183355,1.0,28170.04,358.671275254889,7.798079999999998,0.1017634538581149,28170.04,358.671275254889,7.798079999999998,0.1017634538581149,741.5160696450546,0.1265689258719347,741.5160696450546,0.1265689258719347,28170.04,741.5160696450546,7.798079999999998,0.1265689258719347,1.0,1.0,101060,0.0684989537726336,0.1068195105310358,0.0833817682805662,0.0569998761889352,0.0422786041388614,0.0313216751011877,0.0559376891651586,0.0739681947524965,0.0392394856600679,15.543133228690378,15.747417212751389,16.156082699926937,16.523638734858796,16.81561996882683,15.94595831083484,15.819787805247504,16.18872851433993,0.0691991993456841,0.1079114963971712,0.0842341566879191,0.0575825699202616,0.0427108064390784,0.0316418677920562,0.0565095244567543,0.0747243508405719,0.0396406199053214,15.542041242824242,15.746564824344034,16.155500006195613,16.52320653255858,16.815299776135962,15.945386475543245,15.819031649159427,16.18832738009468,0.0700144769882163,0.1091828670375354,0.0852265702611188,0.0582609850218731,0.0432140082956541,0.0320146597841998,0.05717529736042,0.0756047236363425,0.0401076500364575,15.540769872183878,15.745572410770835,16.154821591094,16.522703330702004,16.81492698414382,15.94472070263958,15.818151276363658,16.187860349963543,1,0.0216082085336811,6.446607263953263E-5,24636.07992196908,256.69579503054456,4.671555265406E-4,0.0205274856427022,0.0015860827075079,26168.78528189446,1689.2813328475345,4.549141918341211E-11,0.0218472537392111,7.377769036793478E-5,24601.56439241963,105.22972189096843,3.727259508242E-4,0.0207213589253429,0.0013080604381604,26192.042493307432,1295.9018639157816,4.756093925997313E-11,0.0219365159103384,2.496110430868E-4,25175.937316472995,873.3925453270855,0.0471346383206763,0.0209221608526587,0.0013209666732015,26219.22259013156,1298.6115055180906,4.959514701857431E-11,0.0218472537392111,3.364949942623E-4,24601.56439241963,550.017545874497,8.956972435302626,0.7735152666662576,1,2,8.982363526284024,0.0556466502196257,1,2,8.0,,2,2,0.0173080196293484,13.889174,0.0218472537392111,3.364949942623E-4,0.0207213589253429,0.0013663054677613,24601.56439241963,550.017545874497,26192.042493307432,1296.8830182258544,4.9285467553E-4,753.9378531808181,1.092515148008569,0.3221909126211504,0.5433200820532109,0.09848743506181656,0.41915419956881306,0.022257307896717926,-11.130233074056164,-6.03554266164429,5.094690412411874,true,HS2046+0044,4228449385142100480,127096,,8.15,,0.718,,HS2046+0044,HS2046+0044,52521.6321,-5.9,8.4,,,14.4,3.1,,11.7,,-2.54,,
8.7448694E7,4280632829779587072,100508,60098,5204654233,27021598761081819,63050395645105459,280.85662841796875,4.339971542358398,35.88795471191406,3.756793737411499,24.86135482788086,24.84365463256836,24.87761688232422,10023.0,1.0,900.0,27.30896377563477,DA,0.9368082880973816,9034.6357421875,130.77903747558594,8.175832748413086,0.113731563091278,27021598761081819,spec-100508-60098-27021598761081819.fits,-129.21256891986172,0.02917661,68.68700738312106,0.024118956,23667.415952294243,12.397266,14.751989,15750.919867500992,37.33031,14.845278,11758.941800196466,16.234673,14.571975,1.1623517,false,false,,,,,,,,,,,,,,,,,,,,,,,,,,,,,,,,,true,,,false,8.06,0.01,0.63,0.01,0.012,18.20581251769552,30.22,8649.67918775693,1.0069316688518042,0.0,true,,,,,,,,,,,,false,8796.73,80.96,8.106342,0.021898,0.661645,0.013633,0.0119224260269577,3.247046404311E-4,true,,,,,false,,,,,,,,,,,,false,true,1.709465604577004,5.079156807655385,8773.823898308867,8.114396262568969,7.330824398216149,3.748420001351179,8687.341727808489,7.780711552944235,40.51847105109559,2.0,9.304535638654864,8.360162719873422,4.2376671918232685,8.139527155021616,2.0,8813.28,790.8797966847169,8.06932,0.1114776126590608,8590.92,257.847466957023,7.9964400000000015,0.1267492090970854,816.689851609644,0.1371008021319039,324.83478214266495,0.1429315350836939,9108.149278018209,433.7441252519696,8.1309262844797,0.1111841682886504,2.0,2.0,100508,0.0,0.0,0.0,0.0,0.0,0.0,0.0,0.0,0.0,,,,,,14.751989,14.845278,14.571975,0.0,0.0,0.0,0.0,0.0,0.0,0.0,0.0,0.0,,,,,,14.751989,14.845278,14.571975,0.0,0.0,0.0,0.0,0.0,0.0,0.0,0.0,0.0,,,,,,14.751989,14.845278,14.571975,2,,,,,,0.0115071509372043,3.332747118035E-4,8901.038169747122,228.5299425552772,2.7983135778461583E-8,,,,,,0.0115153993927962,3.339169826431E-4,8901.01009855164,228.7377852111441,3.620559229825967E-8,,,,,,0.0115229532380062,3.351436065618E-4,8900.997966256964,229.2363594198041,4.026200001017714E-8,0.0115153993927962,3.342906878872E-4,8901.01009855164,228.737788744274,,,0,2,,,0,2,,,0,2,,26.7824915,,,0.0115153993927962,3.342906878872E-4,,,8901.01009855164,228.737788744274,6.003827694001E-4,405.5716272089404,0.47923857990876795,0.16545044747970428,0.5901844000000007,0.15497037217234533,0.6807535268625801,0.09364549074360151,23.939056080032806,34.69786374062497,10.758807660592161,true,WD1840+042,4280632829779587072,8766,,7.86,,0.523,,WD1840+042,WD1840+042,52387.8932,1.1,0.7,,,2.2,0.7,,1.51,,-0.66,,"polyn., G&L"
8.8058497E7,4313658585693385984,100466,60126,5244457799,27021598800861972,63050395683507616,284.9556884765625,11.978597640991213,44.55234146118164,3.600130319595337,49.26021194458008,49.15463638305664,49.35246276855469,10013.0,1.0,900.0,19.886978149414062,DA,0.9868502616882324,10174.779296875,159.17245483398438,7.888077735900879,0.1346814036369323,27021598800861972,spec-100466-60126-27021598800861972.fits,157.9536909772169,0.03847198,172.85987661338024,0.04559596,11163.327261824415,11.275773,15.567883,7615.0039617350385,18.33534,15.634367,5167.342249126034,12.214214,15.464727,1.1450301,false,false,,,,,,,,,,,,,,,,,,,,,,,,,,,,,,,,,true,,,false,7.84,0.02,0.52,0.01,0.014,-12.05180610992971,50.7,9594.006315159337,1.0069316688518042,0.0,true,,,,,,,,,,,,false,9792.1,94.72,7.893192,0.02602,0.538726,0.01436,0.0137502655992397,4.508385734654E-4,true,,,,,false,,,,,,,,,,,,false,true,-20.040600556894383,11.169923031225563,17223.14458131369,7.001827264573331,-28.19799266161892,4.94096287053336,17805.094974961525,7.002096287935015,46.64307765423322,2.0,14.147620828350584,8.937002580287034,-25.85008093166701,8.132835484691075,2.0,9913.04,421.8038410421877,8.092200000000002,0.1050512931627239,9661.24,290.8903459968347,8.025279999999999,0.1285964740827718,485.1544399097152,0.1419104032373752,366.0249797435288,0.1431671580680016,9659.581141926146,312.9936699997941,8.009195651153876,0.0974660718447968,2.0,2.0,100466,0.0,0.0,0.0,0.0,0.0,0.0,0.0,0.0,0.0,,,,,,15.567883,15.634367,15.464727,0.0,0.0,0.0,0.0,0.0,0.0,0.0,0.0,0.0,,,,,,15.567883,15.634367,15.464727,0.0,0.0,0.0,0.0,0.0,0.0,0.0,0.0,0.0,,,,,,15.567883,15.634367,15.464727,2,,,,,,0.0134165955562151,8.269957144246E-4,9821.850666887578,581.1231320730361,2.246761417819327E-7,,,,,,0.013445373726703,8.292743371608E-4,9821.87911187252,581.3616118926179,1.7041406573348138E-7,,,,,,0.0134706920009161,8.311382417117E-4,9821.943672117024,581.5077495190827,1.6716940765298144E-11,0.013445373726703,8.310369135019E-4,9821.87911187252,581.3616193320262,,,0,2,,,0,2,,,0,2,,15.274777,,,0.013445373726703,8.310369135019E-4,,,9821.87911187252,581.3616193320262,9.797920423456E-4,657.0994989180243,0.6981994760466547,0.2516556145098077,0.6096569240071921,0.1604214275232816,0.5583159812424032,0.10530776182330293,-11.278229100212098,-1.3602272794752892,9.918001820736809,true,WD1857+119,4313658585693385984,9821,,7.74,,0.483,,WD1857+119,WD1857+119,51681.7265,-26.0,3.1,,,-27.7,1.4,,3.77,,-0.82,,"polyn., G&L"
8.8916945E7,4420242631507777920,104547,60062,5169881901,27021598726484480,63050395715101736,227.48696899414065,1.9354487657547,1.6582231521606443,48.3588752746582,143.4996795654297,142.1758270263672,144.76988220214844,10022.0,4.0,3600.0,34.26380157470703,DA,1.0,19637.90234375,486.3559265136719,8.56795883178711,0.0811900049448013,27021598726484480,spec-104547-60062-27021598726484480.fits,-65.79531863036323,0.06400585,-62.09617500362187,0.06608715,4639.581390716587,5.138911,16.52117,3556.6725040924507,12.36188,16.460932,1699.737310308518,14.008844,16.671942,1.1329491,false,false,1.0,1.0,16.4496,16.35209,16.71451,17.00227,17.27775,0.01695378,0.01012379,0.01583162,0.01640463,0.02056123,263.1237,287.8478,206.1563,158.1577,122.711,0.05923725,0.1388149,0.1106635,0.1751189,0.1851487,16.40960008127127,0.0196832582741882,16.352092713694006,0.0142299375952285,16.714508472270193,0.0187253889632338,17.017274148382576,0.0192122847531703,17.307791261781205,0.0228640368070229,false,50.907,3.076,true,7.76,0.04,0.51,0.01,0.016,49.51424331431513,14.22,17060.823890031243,1.0280162981264735,0.0,true,20331.0,63.0,0.523,99999.0,7.77,0.019,74.61,42.89,5.96,0.0156125543592639,1492.581093089942,true,17605.47,699.16,7.771436,0.062401,0.497777,0.029921,0.0152062642076746,0.0011841887865654,true,20222.0,67.0,7.796,0.012,true,19885.0,55.0,7.931,0.01,23.0,3.0,58.0,0.587,0.005,0.013741753999935,1.686858683384E-4,true,true,47.01738156852655,6.761949796848072,20667.833877452067,7.852831408730419,-25.35661864143617,4.432274886588473,19368.005296359803,8.499961894033172,77.34333073691391,3.0,10.132904376375365,8.653705258884518,46.740058065921495,6.894155598216184,2.0,20710.84,267.2622840379448,7.897359999999999,0.0404823088944499,23513.48,611.3842783036837,7.89116,0.0870117240545071,546.3574087750268,0.0817432920382388,816.1760667749954,0.1044545911735388,20521.92110078084,406.7741608906814,7.903088907234795,0.0601217854064523,2.0,2.0,104547,0.091749623259073,0.1430773655386344,0.1116841266190794,0.0763474020859858,0.0566292737044658,0.041953223109302,0.0749246758413535,0.0990752942624742,0.0525585841521183,16.266522715732638,16.240408587074928,16.638161070184207,16.96064487467811,17.2658380386719,16.44624532415865,16.361856705737527,16.61938341584788,0.0921803175394702,0.1437490042964066,0.1122083981401751,0.0767057947227465,0.056895104815496,0.0421501613919409,0.0752763898669726,0.0995403769631086,0.0528053064903254,16.265851076974865,16.23988431555383,16.637802677547448,16.96037904356708,17.265641100389264,16.44589361013303,16.36139162303689,16.619136693509677,0.092553645049818,0.1443311834353097,0.1126628387738803,0.0770164508816475,0.0571255282768021,0.0423208682763739,0.0755812569792492,0.0999435124924996,0.0530191663915645,16.265268897835963,16.239429874920127,16.637492021388546,16.960148620105773,17.26547039350483,16.445588743020753,16.3609884875075,16.618922833608437,1,0.01361334629231,2.157383298877592E-8,20204.84164341901,0.0114164614835573,1.5482054022942158E-15,0.0139111222893747,0.0011417077694352,19618.29986222701,1741.8979582688207,3.504492343278E-4,0.0137388355812821,2.667508928688437E-7,20214.93635704561,0.2196246869144872,2.1410356036153024E-15,0.0140713292605007,0.0011477282399679,19569.48121830632,1733.924880290974,1.551296886760396E-6,0.0138594113980559,3.866781867728663E-7,20223.460555665515,0.2649418787585256,2.76032967209096E-14,0.0141991040679449,0.0011562353352515,19568.113956956688,1731.3477098491244,5.88405633168128E-8,0.0137388355812821,2.460652503336E-4,20214.93635704561,18.620207524249427,7.731866846598665,3.264543006951E-4,1,2,7.71519463278747,0.0051257104131156,1,2,7.701273681248997,0.0035408592520326,1,2,0.0204242280148149,13.185362,0.0137388355812821,2.460652503336E-4,0.0140713292605007,0.001183306223092,20214.93635704561,18.620207524249427,19569.48121830632,1734.6510068540792,4.946942944024E-4,503.6255855112481,0.5353201786357014,0.1344002984381642,0.5714075667500105,0.09920052353806752,0.5811384622750997,0.05038775378573623,-12.330742120698522,0.5028562648970194,12.833598385595542,true,WD1507+021,4420242631507777920,20222,,7.8,,0.525,,WD1507+021,WD1507+021,52443.5669,34.9,2.4,,,34.9,2.5,,0.0,,0.0,,
8.90473E7,4436059415517432064,102559,59678,5172694629,27021598729264100,63050395716116714,244.8285522460937,2.6705517768859863,16.025381088256836,34.677738189697266,103.03678894042967,102.38042449951172,103.62476348876952,10022.0,2.0,1800.0,32.7503776550293,DA,0.9980380535125732,18276.890625,503.8576965332031,8.414131164550781,0.0861164629459381,27021598729264100,spec-102559-59678-27021598729264100.fits,-29.333023091059133,0.052981462,-12.682914774846443,0.03063339,6161.873771370004,3.5929124,16.213085,4760.296816991586,10.94999,16.144457,2258.223794539874,8.926695,16.363478,1.1390238,false,false,,,,,,,,,,,,,,,,,,,,,,,,,,,,,,,,,true,25.105,0.733,true,8.08,0.02,0.66,0.01,0.012,26.29751787568101,23.72,17701.08958317422,1.0162486928706955,0.0,true,,,,,,,,,,,,false,18489.54,492.33,8.110526,0.039371,0.685132,0.023732,0.012073890843597,5.858691271679E-4,true,18468.0,35.0,7.957,0.007,true,,,,,,,,,,,,false,true,10.726068083992734,7.7217311621736515,19202.19348101161,7.955889918776585,10.726068083992734,7.7217311621736515,19202.19348101161,7.955889918776585,32.7503776550293,1.0,10.81997928070057,10.81997928070057,10.726068083992734,10.81997928070057,1.0,19073.36,210.38291471578088,7.995960000000002,0.0658565508386234,19073.36,210.38291471578088,7.995960000000002,0.0658565508386234,486.81167956108914,0.0980044906867596,486.81167956108914,0.0980044906867596,19073.36,486.8116795610891,7.995960000000002,0.0980044906867596,1.0,1.0,102559,0.0347543690833665,0.0541971006830669,0.0423054746100996,0.0289200728722354,0.0214509292718361,0.0158917034030798,0.0283811501905484,0.0375293022633819,0.0199089692931383,,,,,,16.184703849809452,16.106927697736616,16.343569030706863,0.036124208871444,0.0563332736843958,0.0439729404252725,0.0300599544911323,0.0222964153843105,0.0165180732148766,0.0294997902288458,0.0390085157497741,0.0206936792158515,,,,,,16.183585209771152,16.105448484250225,16.342784320784148,0.0373831996744938,0.0582965851503089,0.0455054730206712,0.0311075956001491,0.0230734838042647,0.0170937564730385,0.0305279086499907,0.0403680296077624,0.0214148895240616,,,,,,16.18255709135001,16.104088970392237,16.342063110475937,2,,,,,,0.0118543345200174,0.0010302561845098,18472.859965597912,1794.259547329175,1.5160085098863226E-12,,,,,,0.0119201452100647,0.0010349538773785,18505.476448019024,1797.565220094718,1.171986525608462E-9,,,,,,0.0119788617649869,0.0010393115781808,18535.606098102555,1801.0126806783485,3.5926896986617866E-14,0.0119201452100647,0.0010424186121901,18505.476448019024,1798.6600005666612,,,0,2,,,0,2,,,0,2,,9.9383425,,,0.0119201452100647,0.0010424186121901,,,18505.476448019024,1798.6600005666612,0.0011687033033759,1872.800804313832,0.5129521492275876,0.1533503043878428,0.613981365004172,0.10575667174930303,0.6836239786866096,0.17033809441127146,26.40333606210954,39.810356610810075,13.407020548700538,true,HS1616+0247,4436059415517432064,18468,,7.96,,0.597,,HS1616+0247,HS1616+0247,52443.5912,10.4,1.7,,,10.6,1.3,,0.01,,-0.04,,
8.9145578E7,4447685097411960064,102604,60064,5174933276,27021598731490826,63050395717192918,252.16990661621097,10.89772891998291,28.84927558898925,32.157806396484375,132.2548828125,131.3509063720703,133.32550048828125,10022.0,1.0,900.0,22.19967460632324,DA,0.9960128664970398,18810.416015625,650.940673828125,8.445556640625,0.0965325087308883,27021598731490826,spec-102604-60064-27021598731490826.fits,20.36523835017889,0.052871414,-75.90812739933016,0.04212214,5463.256997213435,4.4855456,16.343739,4232.481158099317,10.864866,16.272055,1957.532413620843,6.833051,16.518623,1.1330262,false,false,,,,,,,,,,,,,,,,,,,,,,,,,,,,,,,,,true,30.252,1.142,true,7.89,0.02,0.56,0.01,0.014,27.81728572776801,12.65,19010.782799232995,1.0162486928706955,0.0,true,,,,,,,,,,,,false,20154.9,559.09,7.928903,0.04239,0.584809,0.022826,0.0137492384176656,7.226695235994E-4,true,19890.0,50.0,7.782,0.008,true,,,,,,,,,,,,false,true,13.607819796616017,10.511858351626197,20205.5837930197,7.814347370630625,13.607819796616017,10.511858351626197,20205.5837930197,7.814347370630625,22.19967460632324,1.0,13.383227104259218,13.383227104259218,13.607819796616017,13.383227104259218,1.0,20739.8,273.4606809224827,7.807920000000001,0.042390724812374,20739.8,273.4606809224827,7.807920000000001,0.042390724812374,560.1502037640277,0.0991647469052307,560.1502037640277,0.0991647469052307,20739.8,560.1502037640277,7.807920000000001,0.0991647469052307,1.0,1.0,102604,0.0346560812984297,0.0540438274942096,0.042185831770946,0.0288382848847739,0.021390264544535,0.0158467605550996,0.028300886314099,0.0374231667734571,0.0198526653364328,,,,,,16.3154381136859,16.234631833226544,16.49877033466357,0.0353135322270423,0.0550690779911102,0.042986127512212,0.0293853680074681,0.0217960533342996,0.0161473850646261,0.0288377745972127,0.038133111314935,0.0202292847570903,,,,,,16.314901225402785,16.233921888685067,16.498393715242912,0.0361531615043288,0.056378423367756,0.0440081836164945,0.0300840467786621,0.0223142853930785,0.0165313120296409,0.0295234335589936,0.0390397800811233,0.0207102646724218,,,,,,16.314215566441007,16.23301521991888,16.49791273532758,2,,,,,,0.0134074037846424,0.0048261950973324,20009.77046321487,8711.85957499076,0.0086214129011609,,,,,,0.0135178645553256,0.0010783206031677,19983.62837235883,1676.4799199914924,5.456006460862E-4,,,,,,0.0136017082480647,0.0010878060654785,20035.24895326657,1683.4725369782916,0.0060007990477758,0.0135178645553256,0.0010956867927112,19983.62837235883,1676.6735149068213,,,0,2,,,0,2,,,0,2,,8.8489585,,,0.0135178645553256,0.0010956867927112,,,19983.62837235883,1676.6735149068213,0.0012172900903407,1764.9567716263891,0.42784843046784793,0.12442472715559595,0.530000642064733,0.07698475782375258,0.591687824931868,0.13531482148069485,30.697335049554756,43.70201498044881,13.004679930894056,true,HS1646+1059,4447685097411960064,19890,,7.78,,0.52,,HS1646+1059,HS1646+1059,52117.583,10.7,1.8,,,12.6,1.5,,1.26,,-0.58,,
8.9157851E7,4449098970582483712,102620,60086,5175132311,27021598731688713,63050395717321109,252.76190185546875,12.920296669006348,31.310001373291016,32.47709274291992,102.0857391357422,101.6362762451172,102.51464080810548,10022.0,1.0,900.0,24.759565353393555,DA,1.0,18342.779296875,557.8515625,8.377044677734375,0.0898717567324638,27021598731688713,spec-102620-60086-27021598731688713.fits,39.212787960018815,0.039362315,21.19005686861716,0.036628548,8221.353918573812,4.6392875,15.900008,6352.544741098886,17.925253,15.831173,2954.20730714824,11.8843155,16.071793,1.1320218,false,false,1.0,1.0,15.84139,15.72268,16.0934,16.35563,16.64328,0.02110263,0.008788511,0.01642135,0.01053221,0.01875723,460.7275,513.9603,365.2899,286.9109,220.1319,0.01247059,0.05777752,0.03276087,0.1290966,0.06913938,15.801389661783029,0.0233521089607962,15.722676065142206,0.013313073484253,16.093405838871433,0.0192265632868305,16.37063238051841,0.0145233414710286,16.673292544796645,0.0212563796840595,false,-10.449,3.003,true,7.94,0.02,0.58,0.01,0.014,-12.99316835338313,54.37,18450.154191794736,1.0185913880541169,0.0,true,18974.0,89.0,0.538,0.013,7.82,0.025,78.88,-9.81,4.33,0.0149490728015105,4.66638867852E-4,true,19387.2,559.19,7.972417,0.040219,0.606815,0.022391,0.0133211823383392,6.639822013056E-4,true,18693.0,28.0,7.785,0.006,true,18969.0,67.0,7.875,0.013,-16.0,4.0,45.0,0.558,0.006,0.0142902628963796,2.272602352554E-4,true,true,-23.34552428085407,9.181802400269923,18421.36432510383,7.825594225809355,-23.34552428085407,9.181802400269923,18421.36432510383,7.825594225809355,24.759565353393555,1.0,12.170235050348698,12.170235050348698,-23.34552428085407,12.170235050348698,1.0,18923.8,222.73492663186883,7.911240000000001,0.0552190055336851,18923.8,222.73492663186883,7.911240000000001,0.0552190055336851,493.2196329661538,0.1007550172690012,493.2196329661538,0.1007550172690012,18923.8,493.2196329661538,7.911240000000001,0.1007550172690013,1.0,1.0,102620,0.0162962990228075,0.0254129820852703,0.0198370070506598,0.0135606016658462,0.0100583255271419,0.0074516084586989,0.0133079012024921,0.0175974632235262,0.0093353015863595,15.775976679697758,15.702839058091548,16.079845237205586,16.360574054991268,16.665840936337947,15.886700098797508,15.813575536776474,16.06245769841364,0.0164755077590269,0.0256924460541563,0.0200551525914939,0.0137097262175931,0.0101689359058346,0.0075335530359809,0.0134542468330487,0.0177909807295895,0.0094379609446087,15.775697215728872,15.702620912550712,16.07969611265384,16.360463444612574,16.665758991760665,15.88655375316695,15.81338201927041,16.06235503905539,0.0166536174801183,0.0259701961828802,0.0202719603334319,0.0138579362484201,0.0102788679555459,0.0076149950801164,0.0135996949846916,0.0179833114705922,0.0095399907342881,15.775419465600148,15.702404104808776,16.079547902623013,16.360353512562863,16.665677549716527,15.886408305015308,15.813189688529407,16.06225300926571,1,0.0134493141286153,1.640915538755E-4,18533.728884689863,840.7913869633138,0.1973440009279445,0.0131022898427725,0.0011122023856913,19079.59613863636,1825.9057029185608,9.082234339382048E-8,0.01350820586885,1.646826205229E-4,18536.327708921624,840.8779644171851,0.1960927220172976,0.0131357962123824,0.0011166238618979,19126.51028937808,1825.2310436979487,4.360529539869E-4,0.0135643731166861,1.652301051258E-4,18538.913460964373,840.9263187302762,0.1948553154209482,0.0131911516673498,0.001127955773749,19128.055242032297,1836.962264147839,3.3227243915E-4,0.01350820586885,2.008953365266E-4,18536.327708921624,840.8939474592114,8.0,,2,2,8.0,,2,2,8.0,,2,2,0.0212783506438953,14.90478425,0.01350820586885,2.008953365266E-4,0.0131357962123824,0.0011201541290496,18536.327708921624,840.8939474592114,19126.51028937808,1825.8742146108093,4.910554665375E-4,968.9856281036446,0.541987291632329,0.13176935126561098,0.570427345442731,0.09683320130684936,0.5859929913108151,0.058366498801428746,-6.086260002880485,6.789050550976229,12.875310553856714,true,HS1648+1300,4449098970582483712,18693,,7.79,,0.519,,HS1648+1300,HS1648+1300,52116.5561,-26.3,1.3,,,-27.0,1.1,,0.31,,-0.24,,
8.9199345E7,4454017257893306496,102607,60086,5174374884,27021598730935606,63050395717640150,244.2891082763672,11.483731269836426,25.391870498657227,39.387298583984375,78.90900421142578,78.56944274902344,79.28427124023438,10022.0,1.0,900.0,17.570335388183594,DA,0.9809911847114564,13753.642578125,510.7669982910156,8.00368595123291,0.1171609088778495,27021598730935606,spec-102607-60086-27021598730935606.fits,-54.37647588568,0.052533057,-23.085896032297622,0.04676369,4784.096694422447,3.9596045,16.487867,3437.5064258744483,10.3059025,16.497934,1961.6329763213555,10.473096,16.516352,1.1285598,false,false,1.0,1.0,16.84036,16.39997,16.60861,16.79381,17.08274,0.01833239,0.01712415,0.01289622,0.01603303,0.02627457,183.5928,275.4306,227.2768,191.6358,146.8558,0.1040634,0.0529915,0.1372185,0.1248713,0.07916826,16.800360886562206,0.0208824453336313,16.399969529543235,0.0198301919613124,16.608612234997008,0.0163190836228141,16.808808389890764,0.0188959797571044,17.11277224137095,0.0281132180421398,false,36.475,2.254,true,8.21,0.02,0.73,0.01,0.011,33.322542230160565,23.93,12133.888504649762,1.0139113857366795,0.0,true,,,,,,,,,,,,false,12445.17,257.8,8.232709,0.028216,0.749965,0.01807,0.0109746105340185,3.802354188131E-4,true,13644.0,174.0,8.0,0.019,true,,,,,,,,,,,,false,true,29.25307756518689,13.380359279391993,13874.662585456914,8.170813124519364,29.25307756518689,13.380359279391993,13874.662585456914,8.170813124519364,17.570335388183594,1.0,16.27822986163883,16.27822986163883,29.25307756518689,16.27822986163883,1.0,12961.84,343.6780590999703,8.06932,0.0899247363946844,12961.84,343.6780590999703,8.06932,0.0899247363946844,476.25336441357115,0.1361316691620346,476.25336441357115,0.1361316691620346,12961.84,476.25336441357115,8.06932,0.1361316691620346,1.0,1.0,102607,0.0064049819471543,0.0099881384878682,0.0077965967528718,0.0053297628339254,0.0039532530257196,0.0029287274115694,0.0052304432335944,0.0069163823089311,0.0036690808169506,16.790372748074336,16.392172932790363,16.603282472163084,16.804855136865044,17.109843513959383,16.48263655676641,16.49101761769107,16.51268291918305,0.0064666623234139,0.0100843248854486,0.0078716784666423,0.0053810887829575,0.0039913230993103,0.0029569312394955,0.0052808127286709,0.0069829875026209,0.0037044142944191,16.79027656167676,16.392097851076592,16.60323114621405,16.804817066791454,17.109815310131456,16.48258618727133,16.49095101249738,16.512647585705583,0.0065337339102483,0.0101889185132575,0.0079533227429943,0.005436900907593,0.004032720710698,0.0029876002400517,0.0053355847999147,0.0070554143635303,0.0037428361158461,16.79017196804895,16.39201620680024,16.603175334089414,16.804775669180067,17.1097846411309,16.482531415200086,16.49087858563647,16.512609163884154,1,0.010702552822653,1.0051317298181845E-7,12842.317201913524,0.2229833963494742,1.779487071566366E-13,0.0109082825978822,0.0014894449876565,12126.165086127949,1368.7232577211705,1.0725460850024916E-15,0.0107486395101405,1.4955939294786908E-7,12843.099816612974,0.1763049413974929,2.0897672435205226E-13,0.0109552909903669,0.0014959420535105,12126.706873468553,1368.7534421751186,1.1026796675745222E-15,0.0107997543995601,1.1707271546671407E-9,12844.147213405664,0.0039499796434527,6.456554076165315E-17,0.011007243522962,0.0015031351981752,12127.295968362165,1368.8260028285315,1.1452273276829066E-15,0.0107486395101405,9.720169196695556E-5,12843.099816612974,1.838484564451616,7.57991062567202,6.80392511147E-4,1,2,7.579960276551499,7.902853365567624E-5,1,2,7.5797747758393745,2.9796287134972046E-6,1,2,0.0217715823328617,10.38949925,0.0107486395101405,9.720169196695556E-5,0.0109552909903669,0.0014992117569422,12843.099816612974,1.838484564451616,12126.706873468553,1368.7539093499838,4.691889638427E-4,341.61048375843404,0.4938337382982104,0.16068618644364946,0.6414471749710491,0.1571766841321416,0.7548440816501093,0.07288263319957278,45.6602864067804,58.75335670979706,13.093070303016658,true,HS1614+1136,4454017257893306496,14137,,7.98,,0.599,,HS1614+1136,HS1614+1136,52443.6006,18.1,1.6,,,17.9,1.4,,0.02,,-0.05,,
8.9229987E7,4458207634145130368,102623,60086,5172125509,27021598728702248,63050395717852410,242.85675048828125,13.369306564331056,26.851686477661133,41.4554328918457,22.253124237060547,22.240863800048828,22.26520347595215,10022.0,1.0,900.0,27.94239616394043,DA,0.9925009608268738,9456.6669921875,140.25555419921875,8.697702407836914,0.1041449010372161,27021598728702248,spec-102623-60086-27021598728702248.fits,13.548796833909272,0.027346529,-544.1617794422438,0.025986882,17624.126477579794,9.437207,15.072098,11869.182884315616,20.347357,15.152491,8505.025795063175,14.7859955,14.923706,1.1560408,false,false,,,,,,,,,,,,,,,,,,,,,,,,,,,,,,,,,true,,,false,8.51,0.01,0.91,0.01,0.009,120.64563892296914,41.27,9078.205301781862,1.0069316688518042,0.0,true,,,,,,,,,,,,false,9234.69,89.49,8.552291,0.018862,0.951898,0.012,0.0085580107214876,1.935134543193E-4,true,,,,,false,,,,,,,,,,,,false,true,109.9698476482759,5.627488886235405,9198.971799167266,8.299150129579534,109.9698476482759,5.627488886235405,9198.971799167266,8.299150129579534,27.94239616394043,1.0,9.585372837948768,9.585372837948768,109.9698476482759,9.585372837948768,1.0,9342.16,115.6643495403433,8.259839999999999,0.0957730316158418,9342.16,115.6643495403433,8.259839999999999,0.0957730316158418,244.77388031979163,0.1240348966362599,244.77388031979163,0.1240348966362599,9342.16,244.77388031979163,8.259839999999999,0.1240348966362599,1.0,1.0,102623,0.0,0.0,0.0,0.0,0.0,0.0,0.0,0.0,0.0,,,,,,15.072098,15.152491,14.923706,0.0,0.0,0.0,0.0,0.0,0.0,0.0,0.0,0.0,,,,,,15.072098,15.152491,14.923706,0.0,0.0,0.0,0.0,0.0,0.0,0.0,0.0,0.0,,,,,,15.072098,15.152491,14.923706,2,,,,,,0.0083293349896127,3.277859153248E-4,9280.031988214592,343.0501032844027,3.041726945488709E-7,,,,,,0.0083339414821483,3.27857964136E-4,9280.020029502688,342.95681056194866,3.255515260056044E-7,,,,,,0.0083384803103954,3.279215529964E-4,9280.009194144688,342.8586200720366,3.475346760783944E-7,0.0083339414821483,3.279854898309E-4,9280.020029502688,342.95681131943417,,,0,2,,,0,2,,,0,2,,17.56667625,,,0.0083339414821483,3.279854898309E-4,,,9280.020029502688,342.95681131943417,6.105440014591E-4,456.49651105474936,0.46035689822409276,0.14777094165200147,0.7511007999999991,0.15572424729277046,0.9519361443744286,0.11713302826656613,126.33528672251735,139.3154965118231,12.980209789305754,true,WD1609+135,4458207634145130368,9227,,8.29,,0.77,,WD1609+135,WD1609+135,51701.7588,108.1,0.8,,,107.4,0.7,,0.73,,-0.41,,"polyn., G&L"
8.9273876E7,4463466804419970304,102623,60086,5182500671,27021598739038226,63050395718218916,244.2178955078125,13.57227897644043,27.81925773620605,40.3336067199707,140.4335174560547,139.63565063476562,141.14781188964844,10022.0,1.0,900.0,28.012340545654297,DA,0.9678281545639038,20831.076171875,649.7416381835938,8.430209159851074,0.0866937786340713,27021598739038226,spec-102623-60086-27021598739038226.fits,-2.952410339825283,0.02997864,-46.67856505693705,0.03024028,15150.240348746913,10.156228,15.236318,12007.166159519978,14.09473,15.139941,5286.976619335669,11.159241,15.439877,1.1415094,false,false,1.0,1.0,15.00279,15.03461,15.44189,15.74241,16.03442,0.02293966,0.01398369,0.01228698,0.0129438,0.02108567,997.4344,968.6246,665.6461,504.7011,385.6838,0.002251677,0.006425308,0.01762267,0.02762209,0.01782398,14.962789144253058,0.025024547966259,15.034611263609335,0.0171913811549886,15.44189152042046,0.0158420288322045,15.757414371792644,0.0163567098904394,16.064421506402198,0.0233367838261595,false,19.404,0.423,true,7.22,0.02,0.36,0.01,0.024,16.600232147913,7.95,21086.281499332887,1.0139113857366795,0.0,true,22811.0,186.0,0.367,99999.0,7.25,0.032,104.44,4.1000000000000005,2.63,0.0237988598340425,3242.319052512951,true,22386.85,529.05,7.341421,0.025779,0.399237,0.003946,0.0223423067819959,6.722308935712E-4,true,22015.0,30.0,7.211,0.005,true,22868.0,80.0,7.301,0.012,0.0,3.0,57.0,0.385,0.003,0.0229854750447369,3.2994202899E-4,true,true,-82.80142173839113,8.049689602332023,23565.23248652742,7.457224086528891,-82.80142173839113,8.049689602332023,23565.23248652742,7.457224086528891,28.012340545654297,1.0,11.1780811168408,11.1780811168408,-82.80142173839113,11.1780811168408,1.0,26571.48,852.2779856791104,7.470359999999999,0.0585380585116323,26571.48,852.2779856791104,7.470359999999999,0.0585380585116323,1050.1316147734503,0.098092165400609,1050.1316147734503,0.098092165400609,26571.48,1050.1316147734503,7.47036,0.098092165400609,1.0,1.0,102623,0.0394954445148241,0.0615904888895501,0.0480766467412632,0.0328652530204241,0.0243771936936901,0.0180595967228412,0.0322528122990492,0.0426489248493614,0.0226248846635174,14.901198655363508,14.986534616868072,15.409026267400035,15.733037178098954,16.046361909679355,15.204065187700952,15.09729207515064,15.41725211533648,0.0399861653551078,0.06235573502952,0.0486739868339425,0.0332735954198182,0.0246800741174979,0.01828398261311,0.0326535452784428,0.0431788268797441,0.022905993093864,14.900433409223538,14.985937276775392,15.408617925000645,15.732734297675146,16.04613752378909,15.203664454721558,15.096762173120256,15.416971006906136,0.0404663584464,0.063104563853132,0.0492585118064108,0.0336731773877601,0.0249764566532713,0.0185035546089278,0.0330456810761532,0.0436973605819288,0.023181070724719,14.899684580399926,14.985352751802925,15.4082183430327,15.732437915139371,16.04591795179327,15.203272318923847,15.096243639418072,15.41669592927528,1,0.0217212848024031,2.158073161956E-4,22343.141980098564,853.3646920207375,0.0258052474713704,0.0213007357621418,0.0015041172060815,22808.7954597088,1647.112588643137,1.315774969798057E-6,0.0218415219833676,2.163678595568E-4,22352.87321950239,854.1807492819831,0.0250682461531338,0.0214089429518946,0.0015120577398556,22832.0349229967,1648.6569967484518,2.0336254359419103E-9,0.0219498966006077,2.170082207609E-4,22361.57689256788,855.0691989483836,0.0243574826096727,0.0215106399078689,0.0015190840181635,22846.826414617422,1650.2030679862698,1.0434689016390872E-16,0.0218415219833676,3.147672234009E-4,22352.87321950239,854.3796570855848,8.0,,2,2,8.0,,2,2,8.0,,2,2,0.0214011202082076,12.6269855,0.0218415219833676,3.147672234009E-4,0.0214089429518946,0.0015265576828441,22352.87321950239,854.3796570855848,22832.0349229967,1649.095584391301,5.498183191991E-4,1034.9521980765066,0.5134280101115849,0.11881170728160508,0.44493937185651006,0.05409342544065948,0.40841234052032066,0.02686348209805317,-66.27112731173041,-53.29831166847473,12.972815643255679,true,WD1614+136,4463466804419970304,22015,,7.21,,0.362,,WD1614+136,WD1614+136,52116.5931,1.6,0.8,,,1.5,0.8,,0.03,,-0.06,,
8.951884E7,4485626636646013696,15342,59328,5178471235,27021598735020412,63050395730119138,264.6734313964844,5.267569065093994,29.30257606506348,18.569690704345703,45.38743209838867,45.28579330444336,45.47172546386719,10022.0,5.0,4500.0,53.81230926513672,DA,0.9879999756813048,8942.955078125,118.56986236572266,8.197405815124512,0.0800646021962165,5178471235,spec-015342-59328-5178471235.fits,-33.54801373595213,0.038872752,-285.05445319903333,0.028241672,8458.219705351585,3.9166362,15.869169,5632.596081459169,11.616512,15.961771,4171.168633747224,7.6245856,15.697251,1.1590813,false,false,,,,,,,,,,,,,,,,,,,,,,,,,,,,,,,,,true,,,false,7.94,0.01,0.57,0.01,0.013,67.15606320159185,24.24,8729.713683881113,1.0046157902783952,0.0,true,,,,,,,,,,,,false,8904.93,81.96,7.997565,0.025173,0.595858,0.014888,0.0128236603398643,4.047077699403E-4,true,,,,,false,,,,,,,,,,,,false,true,48.60394644567955,2.5791456819930225,8873.199955822536,7.978228856757102,50.78547866022761,1.8403252643084824,8875.917433115175,8.001054986514788,85.90942394781936,2.0,7.871334101387977,7.6568503862964,50.093400959366576,6.076827119551411,2.0,8852.6,53.32281179705549,8.076559999999999,0.0934146278657511,8834.04,54.340381321809424,8.10784,0.0906221658338677,210.4351824674877,0.1113624374120754,210.2827469458963,0.1073186537143209,8835.815125131427,150.83429086651702,8.064098282277639,0.081026510871199,2.0,2.0,15342,0.0,0.0,0.0,0.0,0.0,0.0,0.0,0.0,0.0,,,,,,15.869169,15.961771,15.697251,0.0,0.0,0.0,0.0,0.0,0.0,0.0,0.0,0.0,,,,,,15.869169,15.961771,15.697251,0.0,0.0,0.0,0.0,0.0,0.0,0.0,0.0,0.0,,,,,,15.869169,15.961771,15.697251,2,,,,,,0.0123511549724815,3.884278552933E-4,8984.912780800938,254.1342008825801,2.329393725900697E-10,,,,,,0.0123788857887272,3.901064571256E-4,8984.896973981213,254.565846692068,1.2713306138681282E-9,,,,,,0.0124018120622436,3.909861898323E-4,8984.941882183011,254.6392127671582,1.9031745558850344E-10,0.0123788857887272,3.933817339865E-4,8984.896973981213,254.5658483554696,,,0,2,,,0,2,,,0,2,,9.6205488,,,0.0123788857887272,3.933817339865E-4,,,8984.896973981213,254.5658483554696,6.592213996089E-4,358.0009681609736,0.715742612100285,0.19259640261128474,0.6552422753637774,0.13024757099432893,0.6159392598543448,0.09041738899525253,67.9487043246037,80.4725209402784,12.523816615674697,true,WD1736+052,4485626636646013696,8830,,7.8,,0.501,,WD1736+052,WD1736+052,51688.9114,52.6,1.4,,,51.4,1.0,,4.05,,-0.88,,"polyn., G&L"
