wd_source_id,wd_ra,wd_dec,wd_rv_from,wd_plate,wd_mjd,wd_fiberid,wd_rv,wd_e_rv,ms_source_id,ms_ra,ms_dec,ms_rv_from,ms_rv,ms_e_rv,g_redshift,eg_redshift,wd_phot_g_mean_mag,wd_phot_bp_mean_mag,wd_phot_rp_mean_mag,r_med_geo,phot_teff,radius,e_radius
520790043346964608,35.98571063849756,68.81841825,sdss5,,,,-43.29200237,15.06606737350167,520790043347308416,35.99023910882211,68.81769067523102,gaia,-58.96277237,14.021309326679447,15.67076999877829,20.581144315545714,15.405280113220215,15.389127731323242,15.463220596313477,61.40821457,13164.18266565889,0.013203497804090397,0.00189173
558036098518042752,85.52110202833926,82.33141894269143,sdss4,2548,54152,245,-8.892783882,15.23231875,558036102814356352,85.50417342993619,82.32790064143006,gaia,-34.98776627,14.286156231001835,26.094982383759827,20.883433492547507,17.987838745117188,18.30325698852539,17.556364059448242,62.16005325317383,6103.613058969113,0.012048595378245586,0.00055292
590880916021900672,138.90414180334596,9.726287587275896,sdss4,1739,53050,12,39.62158679576029,14.701726253571268,590879369833672960,138.89762315010768,9.710002956109786,gaia,11.608222007751465,15.104702307144752,28.013364788008822,21.078253879826256,17.240758895874023,17.257251739501953,17.272066116333008,128.17918395996094,11984.377652416813,0.012647955503237237,0.00170242
595270136375043712,131.02003979800602,7.161946066998782,sdss4,4903,55927,968,45.089500255643955,13.282391615107144,595270132079532160,131.01818886051248,7.162955654749091,gaia,26.719120025634766,14.28946361795417,18.37038023000919,19.509246461765365,16.51776885986328,16.37242889404297,16.797645568847656,238.52008056640625,30983.17702316458,0.015008888074624454,0.000943965
599514865440544640,126.56099383645001,9.248176754516875,sdss5,,,,4.952924199254002,11.752279308901851,599514869734362112,126.56014939313066,9.248475945991736,gaia,-27.72565651,14.727862963097891,32.67858070865341,18.84213407271674,17.137582778930664,17.180328369140625,16.954988479614258,99.06838226,9299.746113095789,0.014530516943061199,0.000598607
599615711270729984,127.62408418489859,8.837161152356883,sdss4,1758,53084,530,-16.65343997,17.065463659732465,599615715567025024,127.62798333546151,8.841672708700326,gaia,-19.90232658,14.008823959668797,3.248886614,22.078885810987835,18.0476017,17.992956161499023,18.21173095703125,267.6803894042969,17623.17947786421,0.013555725592126264,0.001221514
601843390550086784,131.1822072,11.424037744610645,sdss5,,,,78.50441300879442,19.68192421005267,601843390547864832,131.18295024839597,11.423948782206782,sdss5,33.11986716170637,14.065938571310076,45.38454584708805,24.191501989378956,18.641172409057617,18.693042755126953,18.615758895874023,244.33726501464844,10751.356436344728,0.014167465,0.001393143
611167150367477888,135.38984060328207,16.961662127665445,sdss4,5297,55913,346,68.42588394914495,11.244524280012715,611167253447201280,135.3953760551866,16.961021759044502,gaia,59.09806442260742,14.008336881438586,9.327819526537525,17.963096294004217,16.98643684387207,16.91045379638672,17.174909591674805,185.48988342285156,19831.003870653643,0.013969591878626536,0.001107988
642837135401004672,149.9890622737599,25.230834484196077,sdss4,2344,53740,181,38.918099270546406,16.42282250003351,642837139695905024,149.98776534904346,25.23478679305756,gaia,24.224943161010742,14.105668987589668,14.693156109535664,21.648995275879567,18.105680465698242,18.324745178222656,17.777557373046875,78.03054809570312,6999.401075144864,0.011311898433022995,0.000245388
647300160472509184,148.0952666,27.890203834409977,sdss4,5794,56282,772,63.245303530747535,11.587529875834385,647300091753069952,148.10097133428323,27.883204894445928,gaia,24.05580711364746,14.010026121601028,39.189496417100074,18.18108029,17.200176239013672,17.183881759643555,17.31225586,149.46597290039062,14524.231394253877,0.013049846081147736,0.00163199
649472245695986816,124.52862678921322,12.198718747803403,sdss4,4508,55600,503,101.05844618044112,16.000215552151825,649472486214811776,124.52158055089438,12.21579127532677,gaia,33.17270278930664,14.04452987659048,67.88574339113448,21.289803126608845,17.443571090698242,17.311389923095703,17.73723602294922,272.2739562988281,31055.969023941092,0.011092322713024412,0.000687472
664633926927091968,128.2847508735703,20.489558388400336,sdss5,,,,-52.62369825,21.967228508998954,664633926926598912,128.28644916542788,20.490786535832058,gaia,-66.27307892,14.111509981386769,13.649380671435452,26.109267364699356,19.42779541015625,19.272825241088867,19.65240478515625,676.4383544921875,26496.604581966785,0.013080190398365218,0.32596745969187074
672816969200760064,114.83243737329389,20.14153822656666,sdss5,,,,46.24278809361336,10.534461131710662,672819928433682560,114.82410461449784,20.148576188242366,gaia,-1.930846334,14.00092480441162,48.173634427117086,17.521437347270094,15.951560974121094,15.948029518127441,16.00515365600586,64.51032257080078,12787.639200891581,0.010972641015923434,0.001568488
676167047988099456,125.57361440809882,21.510761467051356,sdss5,,,,64.30003635086204,13.700205682297444,676167047988099712,125.5734487033048,21.509638654241474,gaia,31.856199264526367,14.222166561818156,32.44383708633568,19.74754813766392,17.50055503845215,17.45462989807129,17.514894485473633,171.68637084960938,12859.237022850106,0.014527908892537439,0.002081895
680942501864322944,121.82552220063087,24.572143429821725,sdss5,,,,-24.43362758,12.13326688151643,680942433144846720,121.82337671260503,24.56722667580684,gaia,-58.48765182,14.002388827348216,34.05402424128311,18.527899451647226,17.630037307739258,17.75344467163086,17.482131958007812,101.54253387451172,8908.582949330439,0.012306786,0.000361466
707673416242396160,128.47349305179546,29.24599686193187,sdss4,1268,52933,475,7.539313995477216,16.189424752329767,707673622400826112,128.47104205409858,29.25025192006539,apo,-11.8794153,14.00646153117848,19.418729296874712,21.407438857456313,17.90345573425293,18.135244369506836,17.541025161743164,70.46399688720703,6754.368913532326,0.011952935059832694,0.000332434
722128828755291392,155.98396187084288,22.159066977018394,sdss4,2366,53741,496,27.038148597093905,15.269298969602605,722129653388999552,155.9636462,22.172552155076378,gaia,-0.772824049,14.019786317437747,27.810972646089876,20.729348745431484,17.70207977294922,17.607553482055664,17.926231384277344,295.0447692871094,22624.179946494158,0.014267929358988494,0.000951248
743097619303531904,149.0872756689178,27.458206318711365,sdss4,2342,53742,591,-7.501108005,13.62712878341675,743097619303531776,149.08770936480798,27.462018101935193,sdss4,-31.9837539,14.026507318377897,24.48264589204061,19.556112763847878,17.36760139465332,17.323518753051758,17.467920303344727,171.27267456054688,14975.394117321332,0.013642228901653015,0.001609843
793575201703625984,146.58968739367643,32.85757022467031,sdss4,1945,53387,259,23.696472688970083,11.944002478757797,793575098624411136,146.5885254077784,32.85430419487299,gaia,0.40408048033714294,14.083900271442193,23.29239220863294,18.466603425332497,17.043893814086914,17.261770248413086,16.672836303710938,43.75077438354492,6779.104701194719,0.011013334086213472,0.000299697
809417476336725248,155.16330663240635,45.51277883522542,sdss4,944,52614,149,27.475263899345137,16.920650411679862,809417270178294656,155.16595113942446,45.50923335842527,sdss5,29.55313266699575,14.063839305371804,-2.077868768,22.002272299960357,18.461483001708984,18.53730583190918,18.361242294311523,187.48085021972656,9747.649599331991,0.013609665020170646,0.000815765
820542992117501952,148.0909980817682,44.90860494425253,sdss5,,,,19.98990728735176,15.770542857498658,820542992117501824,148.09196415525983,44.90818583093444,gaia,-20.01280785,14.293171764588196,40.00271513342109,21.283908971620395,15.910538673400879,15.936748504638672,15.80050277709961,61.961830139160156,10129.266664232717,0.013987632299119897,0.001024425
826184547623588864,144.47710538259864,49.697091187949795,sdss4,5740,55998,637,59.375601348689386,11.572837861010747,826185307833961216,144.47223276214038,49.70756781073962,sdss5,30.75706256679625,14.09291718318523,28.618538781893136,18.235703739898863,16.912418365478516,16.83776092529297,17.082202911376953,149.16976928710938,18763.045566264067,0.012170645,0.001049635
836711826000250752,161.71066978392562,51.00774088957554,sdss4,8167,57071,16,-6.250749797,16.012185407690694,836714059383244544,161.72259505791922,51.02080181423896,gaia,-27.82482338,14.28937357651003,21.574073582436444,21.46104095190459,18.176420211791992,18.16922378540039,18.334415435791016,244.69595336914062,15633.22219448597,0.012708974347105953,0.001380042
850203933183960704,160.05416101228926,53.947625245252524,sdss5,,,,36.61143039925816,17.729989408985794,850203933183960576,160.0566369,53.94491523082954,gaia,-13.12887669,14.066604078532746,49.74030708535435,22.63231925245273,16.934371948242188,16.87512207,17.10902214050293,145.75047302246094,18267.473929950815,0.011963109651400695,0.00104775
861577625059010176,165.32698395141387,60.67058670912026,sdss4,7103,56661,692,35.568852031710115,11.456614043752147,861577620763026048,165.3256093217554,60.674250401849335,gaia,8.174554824829102,14.00698446894912,27.394297206881014,18.09556905048528,16.839651107788086,16.777151107788086,16.99806785583496,148.1157989501953,17709.455898473403,0.013072582075254876,0.00116912
902972034525449088,126.54855726739336,32.83296070155159,sdss4,3182,54828,367,58.34620415,16.09633265211163,902973378851513984,126.56278916276105,32.89028442263601,gaia,18.444849014282227,14.156517899545022,39.90135513076307,21.435926009565662,18.082075119018555,18.374710083007812,17.644777297973633,63.518733978271484,6166.725065755327,0.011650242695810324,0.000519189
905374471727661056,121.75996615975299,33.770591283275195,sdss5,,,,18.72832930624842,12.839950718577038,905374437368655360,121.7597204183424,33.7685808,gaia,-6.349040508,14.005772173872506,25.077369814518683,19.00068389932079,19.018665313720703,19.23441505432129,18.651418685913086,119.82215118408203,6807.655672211442,0.012057002199223078,0.000319489
908364559240386944,125.00452885203589,38.57539606816316,sdss4,893,52589,453,21.291500947466492,10.556675676375653,908364387441657472,125.01659129695626,38.57694746083617,gaia,7.383980751037598,14.006942052396356,13.907520196428894,17.53960737859804,16.43068504333496,16.588773727416992,16.15760612487793,44.37950516,7665.916176987097,0.011998506,0.000149296
909857558591945600,129.25927449593334,36.87877113672824,sdss4,8858,57450,191,20.646174301953906,12.724453287396088,909857554296421248,129.2577851367998,36.87924710704019,gaia,17.857954025268555,14.723080569790405,2.788220276685351,19.459722837894297,18.24393081665039,18.369009017944336,17.981395721435547,131.9946746826172,7989.750186389317,0.014611558200945998,0.00019514
928937074630507392,121.93944506832612,44.51827459,sdss4,8278,56990,523,-21.12243967,19.852757938909892,928937177709721984,121.94637960984439,44.51729236352265,gaia,-52.12528992,14.158508651821764,31.002850246109627,24.384326216335392,17.514034271240234,17.79998016357422,17.097763061523438,44.691558837890625,6280.751669690252,0.010282619,0.000433854
930577850922831616,127.09790101493869,47.00002266450878,sdss4,7325,56717,788,31.991253968853666,24.169205975616478,930577855217008000,127.0981083393138,47.00125232707774,gaia,18.07205581665039,14.86102214251397,13.919198152203275,28.37253066985858,17.88116455078125,17.883846282958984,17.82476043701172,157.29473876953125,10978.700852180387,0.012881158399499333,0.001389574
944149092879368320,102.60616163975715,37.90967274640826,sdss4,2682,54401,625,11.220457261881787,10.949478168825916,944149264678061056,102.59946498955337,37.91056578041305,apo,12.333214797029141,14.004020804380893,-1.112757535,17.77649209,16.437103271484375,16.369611740112305,16.61335563659668,125.44232177734375,18730.084477579123,0.012716719839765673,0.001107439
1015215752063651456,131.9084021996695,49.520558392671454,sdss5,,,,99.52758282075338,13.61610383557918,1015215752063651200,131.9116253907286,49.52346078551604,sdss5,36.63081066595691,14.095632768139716,62.89677215479647,19.59809038645164,18.46536636352539,18.54763412475586,18.320825576782227,160.0924530029297,9287.024644996214,0.012538585903241733,0.000507958
1047961746662556416,158.70036697558757,60.29440890079298,sdss4,560,52296,507,19.816659236777458,17.451258510467465,1047985287378909056,158.72652249785642,60.31116641000221,sdss5,25.32560238704923,14.088199106476926,-5.50894315,22.428191582535145,18.189905166625977,18.213529586791992,18.252939224243164,197.38833618164062,12416.626900574889,0.012119567946155586,0.001708601
1052236755246289280,156.7194087556286,62.73507654853898,sdss5,,,,-28.49532297,18.09351615198787,1052236823965766144,156.71643139189862,62.735236880540214,gaia,-31.98588181,14.121614798011159,3.4905588328176833,22.952022378118528,16.529644012451172,16.485652923583984,16.614038467407227,113.5918960571289,14520.425584556318,0.013680605142196982,0.001712198
1100971233759127168,101.62962365221317,65.42757710780295,sdss5,,,,83.36394296188838,21.32479533085526,1100971268118864640,101.63169815638841,65.43415167686595,gaia,34.520530700683594,14.372703207216972,48.84341226120479,25.716171826024404,16.41494369506836,16.34294891357422,16.590301513671875,134.93125915527344,18907.16449644715,0.013736128500607035,0.001179244
1204247364523767168,238.74835094842146,20.17792980363101,sdss4,3936,55302,48,23.649467643558335,12.763894056210187,1204247536322459648,238.73848213973065,20.177424254078325,gaia,-0.593354046,14.10705180374833,24.242821689903092,19.024350240462795,17.85656738,17.835660934448242,17.951839447021484,218.7063751220703,14204.474729139909,0.014426019064151065,0.001877853
1211355290583415168,233.41705931081756,21.150468750038964,sdss4,2166,54232,301,14.873228407818424,20.614274122413914,1211355294880531968,233.4197645730731,21.152255084600963,gaia,-55.90124893,14.001195040583664,70.77447734,24.919505616253474,18.698274612426758,18.75290298461914,18.10845184326172,85.67937469482422,6547.188052370345,0.011704477811969233,0.000385324
1212425463290645504,228.5725791,19.693463183447694,sdss4,2156,54525,216,-23.29913273,11.856298397552077,1212425463290645120,228.57550040444983,19.69277213125462,gaia,-49.99700546,14.10627266518294,26.69787273199819,18.427119693437803,17.36728286743164,17.455591201782227,17.211402893066406,92.22730255126953,9139.595869563003,0.012274348550205656,0.000428773
1220062430539961344,239.90572179748895,25.48556629906007,sdss4,1656,53533,348,2.800882590883316,10.931798967010081,1220062361820483840,239.91194854320148,25.47740574963437,gaia,-4.755195618,14.00304625485689,7.556078208559097,17.764839798624255,16.471284866333008,16.59392547607422,16.250537872314453,53.66837692260742,8313.176814,0.012514387582117101,0.000195749
1236858497150236288,223.65816318713257,18.790416266603017,sdss4,5902,56042,383,13.302458936909042,11.723860613592338,1236859326078660736,223.64281978374555,18.810168541684874,gaia,-3.359691143,14.245356133989521,16.66215007994493,18.449365275562588,16.85572624206543,16.818891525268555,16.996906280517578,141.38430786132812,16080.019824562176,0.013341188785767172,0.001380308
1245026464090289280,207.8260895621944,18.31689729183245,sdss4,2905,54580,114,18.00054076516773,12.065435907074265,1245026391074834432,207.82586317768414,18.314710814325313,gaia,-18.81523323,14.028935953750603,36.81577399575855,18.50366957179449,16.90665626525879,16.878034591674805,17.00920867919922,147.57733154296875,14597.642940511902,0.014765085,0.001829317
1277028742153245952,231.63759622560525,31.75379962148905,sdss4,1387,53118,55,-32.23615266,13.64095629541633,1277405157384126592,231.66275529361585,31.832447895291498,gaia,-37.82884216,14.001867871578154,5.592689504019752,19.54809434565403,17.930171966552734,18.091957092285156,17.83559226989746,113.52500915527344,9043.675337,0.011481841376179325,0.000376629
1296865581185679360,224.20285141084057,40.383943224593466,sdss4,8494,57104,648,71.49120414256672,12.451020388844489,1296865585482140928,224.20064311486243,40.38500518670546,gaia,55.69690704345703,14.957323258249671,15.794297099109684,19.461485754566578,18.519006729125977,18.646413803100586,18.377887725830078,166.37847900390625,8934.664104,0.013301373853360042,0.000405202
1311660540930405632,251.41554184805167,30.99209281990144,sdss4,1343,52790,336,16.210363104041363,16.827863295498577,1311660510866758016,251.45174505062673,30.997856171943397,gaia,-20.53130913,14.104700718904894,36.74167223184898,21.957221260028884,18.409133911132812,18.58653450012207,18.108001708984375,91.95127868652344,7365.862510246198,0.010675936286572655,0.000162504
1323407624377828224,240.6726853382804,33.38346026667199,sdss4,1418,53142,165,28.881401967445658,14.117389804446837,1323408242853122560,240.6699694143581,33.41972720482335,gaia,26.23077964782715,14.001175847467913,2.6506223196185097,19.882998264910107,18.18540382385254,18.374679565429688,17.900333404541016,99.67372894,7394.358039639503,0.012671382288947763,0.000186124
1371709479423611904,238.3198102970761,34.18904818129195,sdss4,4970,56039,128,-7.902015517,12.50921648226458,1371709479423611776,238.32263589235853,34.192014413139304,gaia,-23.57076645,14.543381485295855,15.668750931852308,19.183076969740963,17.43897057,17.42078209,17.561304092407227,169.79434204101562,14860.937127658788,0.013020279773645739,0.001560281
1392710284657419264,229.38532058518106,42.89462474,sdss4,5164,56067,582,17.894644122245488,13.424915430042685,1392710284657089536,229.37691252307943,42.89049795752447,gaia,-7.488398552,14.096264804258887,25.383042674186406,19.466202396348038,17.730121612548828,17.642419815063477,17.938282012939453,282.19512939453125,21319.88098619713,0.014172152102224809,0.001007706
1477734110083441664,213.50905123538658,32.535737227387514,sdss4,2125,53795,570,16.94492243626334,14.971022756122574,1478484737227019520,213.4918752811205,32.55216789333724,gaia,-9.252556801,14.00388226722074,26.197479237105625,20.49976197224054,17.98254395,18.034244537353516,17.887802124023438,128.18515014648438,10038.979039783675,0.011183052435034155,0.000775342
1483533488459297920,211.44927060761987,36.765047621259384,sdss4,2931,54590,396,-3.222142214,16.597843005431557,1483533591540598016,211.45167423919693,36.76303528151991,gaia,-13.66588688,14.006814345650564,10.443744665299883,21.71817765,19.95620346069336,19.93085289001465,19.602970123291016,286.3720397949219,8446.470062559585,0.013978034419606501,0.000251687
1489687725623439744,220.91956493515244,41.50290626441396,sdss5,,,,-16.1661145,24.33271512210791,1489687729919469696,220.9170605,41.50242656098288,sdss5,-32.84099767,14.102132912632788,16.674883167345325,28.12385425042627,19.37637710571289,19.476179122924805,19.37209701538086,324.3253173828125,10449.986953059057,0.013641037340435374,0.001147922
1508121484739540224,213.6122108757762,49.275145680051104,sdss4,1671,53446,639,30.771299487337142,18.154714456325557,1508121106782208896,213.5940654983245,49.26762530385465,gaia,6.391855716705322,14.011702923801149,24.37944377063182,22.932977909891548,18.092933654785156,18.04706573486328,18.286758422851562,253.12757873535156,18535.105856149494,0.011958877777601504,0.001040552
1523397828713912192,195.70322344818902,37.86522046934154,sdss4,2018,53800,175,4.0665408925175335,11.683238171794164,1523402226760424576,195.62875418976546,37.95364659901144,gaia,-23.27755928,14.010223077541859,27.34410017291304,18.24237936403458,16.75844955444336,16.750654220581055,16.81739044189453,102.84857940673828,13006.950223948288,0.011927860295355062,0.001711557
1532756940408129792,183.3939422814417,39.0161442,sdss4,4701,55709,668,79.28703338185707,11.391453916945656,1532756940408129664,183.39898719398192,39.01757972572739,gaia,55.91450119018555,14.257643663191558,23.372532191671525,18.249537669991614,16.500022888183594,16.42919158935547,16.677383422851562,142.48426818847656,18950.832512681718,0.013913051971513095,0.001192618
1551861813935664896,202.04706420857494,46.51401193012079,sdss4,1463,53063,467,38.695634445572914,13.387595929982028,1551850062905143168,202.1128171686819,46.501571440321925,gaia,-6.133878708,14.001140575423575,44.829513153458656,19.371620019947834,17.122173309326172,17.111387252807617,17.188148498535156,130.92196655273438,13223.057010428716,0.012690567224060097,0.001817679
1559995863518817408,203.9449353892541,52.21533553863992,sdss4,6738,56424,870,22.001381656845332,11.172081027461683,1560042798921428224,203.9337098446773,52.22344796368316,gaia,-4.915140152,14.613215669880095,26.91652180882287,18.394604282196408,16.34579086303711,16.285903930664062,16.482908248901367,112.26235961914062,16784.472788413426,0.013038863234474075,0.001288583
1600636802578005248,230.06887101503486,55.68803775412446,sdss5,,,,13.67721136777972,16.52878001938717,1600636836937743744,230.07560669206805,55.685984770394185,gaia,-17.55743408,14.143910846022036,31.23464544981097,21.75432791307312,16.61365509033203,16.583955764770508,16.721620559692383,109.20159912109375,14779.015416338805,0.012371691515258096,0.001498586
1613297915194682368,226.70008053095611,57.85964712942472,sdss5,,,,39.96191670707354,18.202026390760494,1613297919489833344,226.70191006407902,57.862638714316326,gaia,1.047819972038269,14.006097701637314,38.91409673503527,22.96703153561103,18.689563751220703,18.618717193603516,18.890962600708008,398.3316345214844,20207.652060921733,0.013428272987060839,0.001021153
1672479751330081152,203.38302591258687,67.31379421043538,sdss4,2445,54573,538,-11.56893974,24.44113218806786,1672479751330081408,203.3804176075343,67.32170995588528,sdss5,-31.6832323,14.082605049002847,20.11429256655191,28.207954686591645,17.281545639038086,17.202959060668945,17.491044998168945,220.81698608398438,20931.72704897642,0.013812735874184847,0.000989501
1750545141328217984,313.4296423685767,9.688271308572038,falcon,,,,33.108001708984375,1.468999981880188,1750545145622862080,313.42762729009837,9.690464266894843,gaia,-4.345844746,14.678562325084195,37.45384645462036,14.751886417612669,16.12276840209961,16.08870506286621,16.233572006225586,98.93436431884766,15005.331850970095,0.013898491903898752,0.001633386
1777232315757039872,334.6437896366513,19.401600319042725,sdss5,,,,12.583396933553136,20.195750682373163,1777232320052167808,334.64210883978257,19.398914192744876,gaia,-12.70857143,14.23930642353341,25.291968367574132,24.71085172647547,18.45856475830078,18.398578643798828,18.630056381225586,355.9051208496094,18232.903322931656,0.014511795,0.002475735
1902773453904187776,340.40166636964193,32.93578779520945,sdss4,7142,56567,848,43.40107071860081,12.093639016306907,1902773453907469696,340.39356439352605,32.93862838752467,gaia,20.069948196411133,14.00918563643176,23.33112252218968,18.507117194548336,17.628341674804688,17.594167709350586,17.719419479370117,191.4669647216797,14465.00487990113,0.013902214610796325,0.001752143
1909041116862115200,337.1785551514799,39.35904544065468,sdss5,,,,13.018057571893113,16.35878313528422,1909041121157722368,337.1785543418006,39.35653659670925,gaia,5.648547172546387,14.007575169289295,7.369510399346726,21.536525898820113,18.868574142456055,18.75354766845703,18.91518211364746,364.5008239746094,15519.271350003322,0.014560546464467018,0.001600488
2023375963778106880,288.3033396477085,24.42115184461992,sdss5,,,,-4.16420796,13.650415114062085,2023375968096780416,288.3057869393756,24.424722391679747,gaia,-32.26094437,14.056116414742243,28.09673641,19.593576535461843,17.78998565673828,17.804485321044922,17.81135368347168,169.66290283203125,11868.151005574964,0.013149286046985481,0.001743617
2159403487916761472,271.4992735134495,62.907621953108034,sdss5,,,,38.96188533407642,18.990639543627566,2159403492213023616,271.5001702239247,62.90627532238846,sdss5,25.190224644658194,14.098029598807008,13.771660689418226,23.651613662598784,17.452457427978516,17.37129020690918,17.68657684326172,217.89585876464844,22411.497999207226,0.011847141307825623,0.00083885
2166332030390763264,311.6488057538162,45.985906148039184,sdss5,,,,14.826837099844663,13.670804424689114,2166332030390765440,311.6497293151456,45.98706805,sdss5,29.084422640997367,14.06287926725057,-14.25758554,19.612635389038502,15.795791625976562,15.839287757873535,15.732423782348633,56.953006744384766,10419.744857220441,0.012844644,0.001068492
2267838943853424512,283.50103836644433,74.42545143429982,sdss5,,,,6.382404095357001,20.034603390858596,2267838943853424256,283.49661601322083,74.42383532,sdss5,-29.57157124,14.071078106896316,35.95397533592962,24.482250144122368,16.831256866455078,16.90472412109375,16.70884895324707,82.06140899658203,9571.559399740718,0.013030636507178062,0.000684579
2442099751463686528,358.36628357221076,-8.077412379,falcon,,,,84.8010025,0.9919999837875366,2442099854542901504,358.3699596845011,-8.071928641,gaia,34.33586883544922,14.005052826059092,50.46513366699219,14.040141332213869,16.19217300415039,16.13077735900879,16.354915618896484,117.25701141357422,17844.10270699191,0.013843523,0.001246156
2448295357751641472,1.260443624837881,-3.169941808,sdss4,4365,55539,482,-3.777312334,14.043605513009977,2448295362047402240,1.2572698072248665,-3.170133363,gaia,-18.84875107,14.824193202157012,15.07143873440262,20.420077372525363,17.819942474365234,17.77038002,17.981876373291016,238.73593139648438,17342.634931545614,0.013592743729785367,0.001276848
2471634484916286336,17.66439630759588,-10.05352225,sdss4,3109,54833,39,-10.01952789,15.064160814812274,2471634489212000512,17.66592237282127,-10.05315223,gaia,-27.55745316,15.166162429096847,17.537925268312364,21.37618824487365,18.902080535888672,19.038721084594727,18.641801834106445,162.52622985839844,7914.195692788275,0.013432194592383389,0.000162958
2497895053130247040,43.38507442845183,-0.562543553,falcon,0,0,0,45.823001861572266,1.6009999513626099,2497893575661497856,43.380977350309585,-0.569003543,gaia,23.852611541748047,14.00136383552579,21.97039031982422,14.092600544222934,16.31030273,16.437946319580078,16.069313049316406,47.081947326660156,8120.4545838180375,0.012303107230780265,0.000154423
2500203890109764608,38.765355145182994,-0.486552597,sdss4,4239,55458,274,50.364379929222494,13.520219776349068,2500203890109764224,38.76499150288835,-0.483081582,gaia,6.114957809448242,14.114193707617073,44.24942211977425,19.544994418441714,18.23816680908203,18.26251792907715,18.35778045654297,212.44552612304688,13666.292022194604,0.01183579,0.001651586
2533633780942700160,18.673931380569854,-1.289683621,sdss5,,,,25.47277647,11.873294309923798,2533633991396449152,18.680948615219677,-1.270805854,gaia,-1.280456066,14.15854330445076,26.753232536339393,18.478080697790997,18.398067474365234,18.538015365600586,18.206966400146484,122.74091339111328,8418.264333651725,0.011442437,0.000200755
2540555790755342848,5.274637434022272,-2.818807021,sdss4,4367,55566,472,13.092773986517575,15.121270708538551,2540555863770173696,5.275008146,-2.815033532,gaia,7.746257305145264,14.006581519187398,5.346516681372311,20.611578146627878,18.821556091308594,19.025341033935547,18.585474014282227,125.37056732177734,7610.728488669981,0.011188176519631148,0.000139466
2542955234365003520,9.721631997443467,-0.490877537,sdss4,1135,53024,65,31.111135884113438,16.215985434021977,2542955238660697984,9.722827135737978,-0.4921842,gaia,-9.621876717,15.106527205818258,40.73301260072721,22.162250513351303,18.506589889526367,18.59729004,18.278778076171875,143.31385803222656,8525.272229470698,0.012722276,0.000243159
2545590733671247744,3.8088304758852845,0.36770672359199663,sdss5,,,,-14.42059572,26.960977446089032,2545590733672998912,3.810273957219012,0.3681643500307756,gaia,-56.74452209,14.029569072482245,42.32392637882851,30.39281351254062,17.684444427490234,18.09276008605957,17.031166076660156,43.000797271728516,5122.058484946618,0.013968000315651138,0.000636151
2546874374843802240,5.115920716529585,0.5180357211500879,sdss4,4219,55480,726,0.8944128113650565,13.562882729485708,2546874379138453760,5.118467578589241,0.5195817742820263,gaia,-14.34985161,14.001437542894507,15.244264419641423,19.493384549671138,19.74304771,19.666168212890625,19.120168685913086,196.02061462402344,7005.550757728715,0.015294227916939017,0.000323704
2576762266276447104,18.301662075182257,7.131122746982858,sdss4,4554,56193,257,60.527458270161475,14.134998559357872,2576762025758278656,18.255827219252875,7.1232170955212135,gaia,14.457999229431152,14.138690185673763,46.06945904073032,19.992517211184705,18.21921730041504,18.201053619384766,18.326541900634766,192.33724975585938,14445.322381095266,0.010562818185397588,0.001335267
2608247533357159424,341.3730908548287,-10.04584796,sdss4,723,52201,215,38.757654587536734,11.258911162900848,2608249015120878976,341.35615409948144,-10.04366484,gaia,1.6489012241363525,14.002210159798281,37.10875336340038,17.96733062904035,16.94164467,17.055898666381836,16.75284194946289,56.37057876586914,8639.512324701343,0.009932063,0.0001932
2657451056656635648,348.6079870043222,1.160561155909109,sdss4,382,51816,324,-23.36866033,12.918687871299426,2657451060952433280,348.60845426932354,1.1552035162845098,gaia,-29.30622673,14.893980410594407,5.937566403459083,19.716063217265987,17.740028381347656,17.90933609008789,17.531909942626953,92.49182129,8059.679372649207,0.012448177251840335,0.00014187
2690763205257368832,317.9435346520062,1.3482006793251335,sdss5,,,,42.822278856506195,13.022472763256275,2690763200962109312,317.9449298050429,1.3574095768388437,gaia,4.437829971313477,14.004019799691623,38.38444888519272,19.12321540483991,15.236823081970215,15.19015884399414,15.355803489685059,65.08973693847656,15647.655932715772,0.013318195367835808,0.001444133
2731772377633104128,339.7444556279192,13.217540925088867,sdss4,739,52264,185,-25.52059898,14.580540482422917,2731772377633105024,339.7392631308623,13.219487222216047,gaia,-19.3243351,14.944169152073295,-6.196263886,20.87870571671895,16.95146369934082,17.078235626220703,16.710824966430664,63.46055221557617,8128.280414,0.012326034893897657,0.000173325
2745244002118134400,359.1692747,5.620009498305393,sdss4,4405,55854,900,28.999758723804497,13.420837920468111,2745245621321927552,359.1898945,5.654964924529127,gaia,-1.952489495,14.085485606641708,30.952248219081902,19.455585194549805,18.18080711364746,18.438642501831055,17.801836013793945,80.99240112304688,6575.360663946396,0.012660928,0.000408084
2783444265882515968,17.187976077987674,15.675824913223202,sdss4,5131,55835,854,15.153009734606602,12.474104099763684,2783444270177669888,17.190868328061793,15.67390845960525,gaia,0.34358328580856323,14.337044848099515,14.809426448798039,19.00405556896101,18.181917190551758,18.269426345825195,18.00633430480957,144.8489532470703,8987.525953216751,0.013644044,0.00043189
2806739000264778880,10.085872232296515,24.909216468414776,sdss4,2058,53349,472,39.45022588799137,15.81548639028911,2806739068984255744,10.08037733828036,24.909260531861666,sdss5,32.50864639105942,14.06971039407272,6.941579496931951,21.168050461355623,19.22178077697754,19.308259963989258,19.121065139770508,272.1265563964844,9647.090609,0.014095128,0.000785357
2811363550466857344,350.13132976816684,12.970888218755801,falcon,,,,-5.827000141,0.028000001,2811363584826561408,350.13910464272226,12.977146169683833,gaia,-37.16614532,15.080935971168184,31.339145183563232,15.080961964229035,16.287696838378906,16.26913070678711,16.353925704956055,89.48236846923828,13403.72700672964,0.012646648,0.001799337
2841187146239791872,350.31831569929915,25.610836076576653,sdss5,,,,-13.87209449,15.44716232541684,2841187150536214784,350.3164391,25.60797636025116,gaia,-25.23441124,14.012382668366298,11.362316747819852,20.855735229248324,19.213884353637695,19.369544982910156,18.98428726196289,175.6472625732422,8008.002139218243,0.012216178530046494,0.0001488
2841283151645302272,351.30186556659004,25.189284608203657,sdss5,,,,12.866398260109868,10.735292308488017,2841283151645302144,351.3002096707416,25.189785075957683,gaia,-15.93871784,14.038272471704714,28.80511610221192,17.67256616732568,17.133392333984375,17.17198371887207,16.942825317382812,98.86682129,9265.923121,0.014645294300076992,0.00057633
2853971996865556736,0.3622894540036568,27.333263449560285,sdss4,2803,54368,211,9.511959629935888,12.957988166594834,2853971790707126912,0.36503057814624373,27.33180710268971,gaia,-24.30865669,14.839732738161993,33.82061632244077,19.70094223801716,17.304641723632812,17.36809730529785,17.23095703,104.14665985107422,10121.372799735309,0.012177940238771116,0.000888418
2854365720811907328,359.69194100708347,27.501548757279572,sdss4,2803,54368,290,82.55506220041772,17.23344196004166,2854365725107598592,359.6955523114612,27.498681783396176,gaia,12.824174880981445,14.011598747047103,69.73088731943628,22.21072761614028,17.55045509338379,17.519424438476562,17.650115966796875,187.59226989746094,14585.200532585783,0.013979853020839315,0.001735404
3065487140349466496,128.37846301860722,-4.815881036,sdss4,2828,54438,145,38.842224277762476,14.719898099953564,3065487144644755200,128.38138326625392,-4.821261909,gaia,1.2799561023712158,14.204963840999802,37.56226817539126,20.45620682817634,18.442258834838867,18.452842712402344,18.587535858154297,268.1588439941406,14694.351627581571,0.012913666372433174,0.001581009
3075883228950785408,132.62643256235248,1.9460134508209475,sdss5,,,,85.12872642273686,17.91308178819915,3075883233243117184,132.62760501255673,1.9464813538722985,sdss5,32.317034127802124,14.073781528348137,52.81169229493474,22.780470268595977,19.24214744567871,19.207529067993164,19.412412643432617,511.5913391113281,17090.649950863743,0.015228562886918583,0.001451465
3079481999225480448,128.61920933971265,1.914433135758872,sdss5,,,,63.43405010756911,10.934726681049904,3079481930505985792,128.62068971860182,1.9113334387350671,gaia,32.80385971069336,14.064007927807456,30.630190396875747,17.814728922515087,18.26287269592285,18.385303497314453,17.96732521057129,113.03330993652344,7755.656778958473,0.013079084,0.000162112
3079923831100607744,129.21248584108125,2.743523832079604,sdss4,4789,55923,42,40.43425658194121,20.47529748,3079923831100606592,129.21383495532402,2.741557395508133,sdss5,29.507766846597228,14.093011484286784,10.926489735343985,24.85660434626891,19.002471923828125,18.982505798339844,19.141145706176758,376.2900695800781,15417.41878510089,0.013604608,0.00152273
3089874656147104640,122.94059944856639,1.4105241250792042,sdss5,,,,64.59278110067629,15.419439597580125,3089874754930361216,122.9365924589287,1.4226863677599797,sdss5,35.888162197289994,14.068518582951508,28.704618903386297,20.873004877646963,16.512266159057617,16.417715072631836,16.739864349365234,169.29241943359375,22851.73821887317,0.014037773422697167,0.0009972
3243900253623213568,55.900562061834584,-7.307661876,sdss4,2070,53729,81,0.5177084326634148,23.776407203871365,3243900189199656704,55.908349233249865,-7.305144797,gaia,-20.94200706,14.436486606630018,21.45971549748275,27.815996927446516,18.976545333862305,19.012388229370117,19.092077255249023,283.7562561035156,13288.470806574902,0.011416017971042492,0.001634205
3244617478801862656,55.81612835190945,-6.001669529,sdss4,2070,53729,518,84.65941822346787,12.93238816107457,3244617448738051200,55.81114413301073,-6.0028575,gaia,64.94408416748047,14.032720355605194,19.715334055987398,19.08307900018543,17.875282287597656,17.860431671142578,18.01226043701172,211.46580505371094,15201.38438339541,0.012979207321151633,0.001485075
3264017609855236736,52.09051569171604,-0.66146216,sdss5,,,,53.98231945853802,18.76151196663137,3264017609855236480,52.096430978051565,-0.659203906,gaia,47.16624832,14.03761076124745,6.816071137004819,23.431791377492726,17.853235244750977,17.793272018432617,18.009201049804688,235.30307006835938,17511.423228370375,0.013139663202050015,0.001193341
3632954402933841664,207.10578100652532,-4.709437846,sdss5,,,,-0.945786538,16.657889120773966,3632954201069933952,207.1090923956205,-4.710409255,gaia,-8.55529213,14.001192164857166,7.609505591,21.760483726177995,18.044958114624023,18.236276626586914,17.557104110717773,69.95219421386719,6386.969182,0.012738088925658685,0.000509614
3651432073795645824,220.80294081616663,-0.116080034,sdss4,308,51662,357,-7.962943449,21.015064702327457,3651432146809980032,220.80127391807318,-0.113115917,sdss5,-24.62566188,14.081459996500923,16.662718431573268,25.296649186721652,18.71843147277832,18.727624893188477,18.750560760498047,252.5353546142578,12121.100802974443,0.012521140376840463,0.001710699
3681806460470915072,191.2094910796352,-3.933035095,sdss5,,,,69.61676355832864,13.900250400125287,3681806464765199360,191.20889267898235,-3.934104068,gaia,1.2921959161758423,15.126230235136237,68.32456764,20.54312055926589,18.131072998046875,18.202449798583984,17.98438835144043,143.99240112304688,9368.804585,0.013033069,0.00058743
3715969592414447488,199.4115444347925,4.099978111978932,sdss4,851,52376,214,33.25758689430616,13.88075724976564,3715972517288035584,199.42585462050394,4.105726680665452,gaia,12.535057067871094,14.118352046659552,20.722529826435064,19.79907286567574,17.775257110595703,17.89615249633789,17.62328338623047,110.8918457,8894.814265294106,0.012618340976409485,0.000364309
3739784361441769728,202.57814773142962,12.734480074963871,sdss4,5432,56008,736,12.980629093754269,19.022192890300847,3739784365732813440,202.5791207681674,12.738371507727754,gaia,-18.67023659,14.376068415984493,31.65086568127868,23.843556057284722,18.453535079956055,18.40508270263672,18.78287696838379,482.2056884765625,26648.171481117013,0.013829240773215514,0.00087741
3803142859993965952,162.49909595760988,-0.788673691,sdss4,2409,54210,72,20.485467350426084,12.159821875582038,3803142829929703552,162.4964955599888,-0.79171674,gaia,-0.376451164,14.00139448412355,20.86191851491011,18.544549483498617,17.8555851,17.842613220214844,17.815858840942383,191.4845428466797,11378.350730309954,0.015263553091283523,0.001842094
3803909666275539712,167.61926788029143,-0.562051231,sdss4,279,51984,308,6.371049820592454,19.917291944964536,3803909670570803840,167.62210487038067,-0.564577675,sdss5,30.256196618232554,14.084702777342661,-23.8851468,24.39420772943924,18.575023651123047,18.696943283081055,18.579238891601562,179.4101104736328,10308.221180977624,0.011040575329539067,0.00087922
3804750586512019840,164.05115784874093,-0.106434458,sdss4,276,51909,73,13.959465013696366,12.863294351306696,3804738874137073920,164.06839538217258,-0.105004334,gaia,-4.758450985,14.010370755916563,18.717916,19.019853582154642,17.611000061035156,17.649253845214844,17.604740142822266,154.38616943359375,11156.38633402732,0.013797635241341621,0.001567863
3843636017819635968,136.62968695131346,1.2576777992170476,sdss4,3819,55540,340,52.21157193191552,18.457067329160708,3843636017819394176,136.62934222154917,1.261184321120155,gaia,27.971099853515625,14.012415142549528,24.240472078399897,23.17350022159628,18.899126052856445,18.805980682373047,19.065265655517578,333.50115966796875,19536.823750724878,0.010622751099635789,0.000869145
3855792630692650112,159.65742563980595,2.041072372604778,sdss4,505,52317,117,27.60621116659208,15.315061554504329,3855799232057962240,159.74316626457608,2.115447123779403,sdss5,30.98935116111479,14.102407465104724,-3.383139995,20.818957868493275,18.165809631347656,18.36155891418457,17.865617752075195,90.51472473144531,7259.991100576875,0.011977871679840393,0.000201211
3869354556869630464,162.46543373694317,9.616275727675744,sdss4,5354,55927,694,70.34733609734818,14.837447626119575,3869354561161063680,162.46643315315782,9.614776334,sdss5,43.33143899752426,14.089165595490192,27.015897099823917,20.461046875343058,18.23756980895996,18.239416122436523,18.389118194580078,268.2075195,15135.038529337067,0.013879250753490249,0.00160267
3869971692126504960,159.6319260174363,9.807325661,sdss4,5346,55955,129,42.76416524561893,14.405240936275607,3869971490263112832,159.64129692109324,9.801655313852311,sdss5,34.12425304251733,14.111756716301507,8.639912203101602,20.16563026667481,17.516395568847656,17.433841705322266,17.67093276977539,208.3853759765625,18413.635454349584,0.013132488481227804,0.001162833
3870963314176171264,163.2854472,10.493799741138103,sdss4,2885,54497,526,2.352970588168092,18.571207072075094,3870963318471137408,163.28315219912278,10.490963152856096,gaia,-9.403899193,15.304724459680601,11.75686978097815,24.065002034087545,18.39514732,18.380779266357422,18.583484649658203,302.9060974121094,17011.233303542787,0.013251350382066016,0.001259944
3871381747071227008,163.26573265603344,11.637325053673191,sdss4,5353,55980,132,9.901942305276608,14.056328173448616,3871381751364947712,163.2677276206558,11.639111589934588,gaia,4.109784126281738,14.003227028076028,5.792158178994869,19.841137288964166,18.94556427001953,19.073766708374023,18.520322799682617,148.0317383,6964.822826070226,0.01534397,0.000346064
3881936165343328128,151.35664405801685,13.450707367117284,sdss4,2586,54169,198,44.38722172280695,23.551277472932135,3881935963479719296,151.35857301356157,13.446061643837082,gaia,23.13147545,14.155449879989128,21.25574627419855,27.477980855803885,18.749061584472656,18.823875427246094,18.770410537719727,250.0353546142578,11046.167146968772,0.013175222245271657,0.001456394
3897577164925150080,177.88360610219283,6.396705654229501,sdss4,4848,55955,992,28.934079574850426,16.94119065406617,3897577272299564928,177.88605004736968,6.399489847322689,gaia,5.138892174,14.072161140835204,23.795187401083336,22.02338892975037,17.918367385864258,17.88492774963379,18.035484313964844,221.9303741455078,15161.392548695947,0.013500028205095743,0.001553401
3938574586270179712,200.80995104858692,17.99192697747892,sdss4,2605,54484,536,9.351886975,13.577043909802843,3938576068034642688,200.82491134045316,17.994533311699048,apo,5.780873029,14.002191620940138,3.571013945782819,19.503781467147355,18.46520233154297,18.65363311767578,18.17377471923828,111.30049133300781,7357.361729016684,0.012555782711671237,0.00019191
4005438916307756928,177.5825209639826,25.308618501204734,sdss4,2514,53882,398,51.188964225424286,11.202681255878476,4005438881948018176,177.57175125475013,25.305475041482474,gaia,-65.45793915,14.779311334848789,116.6469033733735,18.545298888214255,15.657505989074707,15.706476211547852,15.558006286621094,50.525718688964844,10020.944636064833,0.012915331881095268,0.000883551
4010863661865642368,187.57677583100394,28.95977958299702,sdss4,5981,56340,582,11.325460662605975,15.615686180939912,4010863666161192576,187.5790468048721,28.962012337043873,gaia,-27.31034279,14.03858370759819,38.635803451302266,20.998368684658317,18.288898468017578,18.235483169555664,18.52023696899414,340.9898986816406,20772.719442433165,0.013354585287114666,0.000951439
4019285336818845312,173.39253712269095,28.897190923116906,sdss5,,,,45.41815683521218,19.88088279158255,4019285341114121472,173.38737231229334,28.890840157047354,gaia,10.114448547363281,14.433244093921594,35.30370829,24.567621692938975,19.05860137939453,19.10555076599121,19.21765899658203,258.2223815917969,14104.068931495423,0.009551746,0.001258451
4032775038821332608,176.41618118592513,37.190805448529446,sdss4,8873,57427,952,10.298484005808762,14.375771446504846,4032775077476714112,176.38534039896504,37.19312305758428,gaia,-1.313812971,14.003307881952107,11.612296976923874,20.06876768311612,18.64657974243164,18.705251693725586,18.48749351501465,172.2172088623047,9370.590106,0.012360574694161767,0.000556185
4034132866962718848,178.58980555671343,37.821694971760856,sdss4,2027,53433,240,11.040183966622068,12.045253672645488,4034134005128931200,178.5985452949686,37.83783044170009,gaia,-5.299911976,14.19085292875983,16.340095942482662,18.613662801395943,17.566137313842773,17.709880828857422,17.324939727783203,80.97309875488281,8009.678616894156,0.012088422503330908,0.000147334
4168907879862434176,266.67932191891435,-6.783420117,sdss5,,,,46.51420502995885,12.696302430955424,4168907879862434560,266.67826211593433,-6.782703796,sdss5,25.368666683318498,14.06781024493201,21.145538346640354,18.94991769126448,16.392297744750977,16.44798469543457,16.300994873046875,74.30039978027344,10037.899175070885,0.013465736303867399,0.000931015
4227320672031546240,313.3095463730028,-0.269356379,sdss5,,,,34.52051041200445,13.22651709814518,4227320672031545984,313.3126404348262,-0.268657996,gaia,6.1809844970703125,14.53481814921334,28.339525914934136,19.65201499028098,15.381263732910156,15.280584335327148,15.597997665405273,93.71263885498047,22559.365338169806,0.013270267086307307,0.000937889
4406733207018066944,241.4767904960853,-0.469239704,sdss4,344,51693,111,-16.80699557,11.26453568020448,4406730252080562432,241.48550271804004,-0.485553902,gaia,-36.91991806,14.022496838648514,20.112922488232766,17.986666775156184,16.603221893310547,16.68284797668457,16.46455192565918,69.25965118408203,9367.127939976574,0.012625796734452344,0.000566797
4415701304886958848,231.01394189981212,-0.506400415,sdss5,,,,-14.1390928,20.024419892412784,4415701300594850816,231.0133256834595,-0.506385828,gaia,-48.07263184,14.666359908613998,33.933539037582136,24.82094891410594,15.814596176147461,15.821784019470215,15.70553970336914,64.37412262,10321.970361923317,0.014856439281354715,0.001189253
4440676638498789248,253.0445969,5.728464210287414,sdss5,,,,19.764407944494682,14.528952386952218,4440676436634272640,253.04780588737412,5.721412738766522,gaia,-12.8455286,14.002182328758195,32.609936547094776,20.177997111460613,17.279605865478516,17.284982681274414,17.35714340209961,142.02090454101562,13155.04486809136,0.012779971116707353,0.001831305
4450343205429610112,243.88109680408812,7.197417644,sdss4,4896,55712,354,-11.92784346,12.362768466417448,4450343205429610624,243.87864605435632,7.197761136146955,gaia,-29.81303596,14.221270402968042,17.885192500177126,18.84363489427081,17.349838256835938,17.278358459472656,17.50094985961914,194.49745178222656,17778.57674833836,0.013580581534722672,0.001207141
4453746571874680064,245.53249532977665,10.97952539404132,sdss5,,,,33.587476167590744,15.248652073658977,4453746571874679168,245.53484489729283,10.978982998638003,gaia,-16.62178612,14.002012765122068,50.209262285144455,20.70211949386211,17.382226943969727,17.446043014526367,17.189231872558594,100.24456787109375,9039.442401258804,0.013660995,0.000448963
4460086458999242368,245.51637907996593,12.22568893574896,falcon,,,,33.95399856567383,2.9030001163482666,4460085703084994944,245.52973966455633,12.214255192618888,gaia,-6.697543144,14.00070721438011,40.65154171,14.298503844050025,14.657777786254883,14.602666854858398,14.799134254455566,55.653892517089844,16762.43561,0.014048794360138195,0.001365535
4461228611063376128,249.41915547119225,13.67571046354978,sdss4,2210,53535,323,48.63897436176754,11.334785340545013,4461978959028633088,249.36873947270126,13.68078483625788,gaia,38.989498138427734,14.015397402813932,9.649476223339803,18.025224633136688,16.811203002929688,17.007335662841797,16.46065330505371,45.72534942626953,7001.701641429552,0.012150787747127561,0.000261385
4568179481487112832,256.7830147054645,22.40767769481725,falcon,,,,-24.17200089,1.3949999809265137,4568179481487113088,256.7847938019931,22.408243556997913,gaia,-67.04118347,14.006852247870263,42.86918258666992,14.076147727288642,14.68746280670166,14.640360832214355,14.796507835388184,50.106529235839844,15336.535836816593,0.013442932605824633,0.001509384
4599716189388636800,259.44870558640525,30.440059440437174,sdss4,978,52441,179,-11.48155767,12.242576955443761,4599715364754907264,259.47783362700454,30.428156195854964,gaia,-35.32338333,14.340884559322873,23.841825666255158,18.85581237851575,16.804533004760742,16.819881439208984,16.81646156311035,104.47803497314453,11704.632833089037,0.012920175070871356,0.00166122
5276369492098540416,123.60610899950684,-64.53642667,sdss5,,,,52.47789551424793,10.934722930068856,5276369492098490240,123.60765115137131,-64.53492593,sdss5,26.98416505998931,14.058852012246911,25.493730454258625,17.810656513998374,14.778650283813477,14.704136848449707,14.94145393371582,59.745426177978516,18422.979717293845,0.013228756766248054,0.001155917
6886973535081311872,312.7040180677348,-14.1954009,sdss5,,,,36.53651036353842,20.534783503387168,6886973358987025280,312.7035508877795,-14.20040417,gaia,-3.635751963,14.000561043635479,40.17226232620016,24.85343121316542,18.25585938,18.438596725463867,18.43701172,185.8483887,11731.17472925442,0.010879754598410242,0.001405073
6898705800892401280,318.8648665309813,-7.439456821,sdss5,,,,-12.58406566,19.512187278512865,6898705805186335488,318.86600695028403,-7.439716962,gaia,-72.60169983,14.257043950948262,60.01763417008706,24.16585927731579,17.823978424072266,17.773099899291992,17.829792022705078,203.77133178710938,12779.016348546376,0.014964381,0.00213867
6910805342238827648,317.7441904006629,-6.715596078,sdss4,638,52081,481,11.94557338954936,12.194874666603042,6910806102448648576,317.7394918120427,-6.716048343,gaia,-15.58725452,15.164137589032263,27.532827913780316,19.45934317887574,16.371253967285156,16.28277015686035,16.585163116455078,155.7557373046875,21663.11822,0.014416179790437848,0.00102357
